ALPHA_RANK,Symbol,Sector,Industry,Market_Cap,ALPHA_SCORE,Momentum,Sharpe,RS_30D,RS_60D,RS_ACCELERATION,VOL_ADJ_RS,SECTOR_SCORE,SECTOR_RANK
1,HFCL,Technology,Communication Equipment,272402235392.0,4.4224,147.74,340.57,94.61,183.16,-89.75,175.92,14.95,2.0
2,HITECHCORP,Unknown,Unknown,,4.069,152.342,252.24,128.03,168.55,-97.23,191.6,0.0,
3,BBOX,Technology,Software - Application,172288983040.0,3.6323,117.44,263.53,110.42,122.12,-106.17,238.28,14.95,2.0
4,CONFIPET,Energy,Oil & Gas Refining & Marketing,25084198912.0,3.4338,128.916,232.22,49.44,181.9,-34.03,63.12,13.21,3.0
5,CPPLUS,Industrials,Building Products & Equipment,410378960896.0,3.0557,97.332,266.91,67.29,117.36,-45.75,153.04,8.06,7.0
6,IDEAFORGE,Technology,Computer Hardware,41865945088.0,3.0268,110.138,188.3,80.6,129.83,-67.9,116.9,14.95,2.0
7,IBULLSLTD,Real Estate,Real Estate - Development,54650810368.0,2.7736,107.468,204.86,40.88,151.86,-29.51,55.15,9.07,6.0
8,E2E,Technology,Software - Infrastructure,83963584512.0,2.5049,88.128,170.32,60.93,106.26,-44.57,97.66,14.95,2.0
9,GVPIL,Industrials,Engineering & Construction,60874477568.0,2.4819,98.272,159.45,83.5,108.12,-80.52,123.14,8.06,7.0
10,BLISSGVS,Healthcare,Drug Manufacturers - Specialty & Generic,44600631296.0,2.478,95.582,169.2,67.16,114.53,-63.29,99.22,10.69,4.0
11,CEMPRO,Industrials,Engineering & Construction,206797897728.0,2.4615,94.006,177.0,71.92,108.73,-67.23,117.08,8.06,7.0
12,BALAMINES,Basic Materials,Specialty Chemicals,72646287360.0,2.4354,90.97,157.37,74.23,102.13,-58.26,114.38,9.84,5.0
13,FCL,Basic Materials,Specialty Chemicals,46417006592.0,2.3656,89.732,155.77,84.35,93.32,-81.71,140.79,9.84,5.0
14,APOLLO,Industrials,Aerospace & Defense,147585007616.0,2.1845,86.072,166.1,53.03,108.1,-49.21,81.48,8.06,7.0
15,IOLCP,Healthcare,Drug Manufacturers - Specialty & Generic,38992195584.0,2.1702,76.52000000000001,193.57,45.95,96.9,-43.07,91.79,10.69,4.0
16,BLUSPRING,Unknown,Unknown,,2.1022,81.81,178.94,52.2,101.55,-33.17,91.98,0.0,
17,AVALON,Technology,Electronic Components,109498425344.0,1.9876,70.78999999999999,142.92,55.4,81.05,-48.83,97.69,14.95,2.0
18,AEROFLEX,Industrials,Metal Fabrication,56333209600.0,1.8984,76.834,145.62,43.81,98.85,-38.43,64.54,8.06,7.0
19,BHAGYANGR,Unknown,Unknown,,1.8714,81.588,151.42,51.93,101.36,-46.53,77.58,0.0,
20,ADANIGREEN,Utilities,Utilities - Renewable,2527591923712.0,1.8639,62.79,170.25,32.76,82.81,-28.55,67.35,15.17,1.0
21,FIRSTCRY,Consumer Cyclical,Internet Retail,106344062976.0,1.8112,70.78999999999999,142.92,55.4,81.05,-48.83,97.69,6.62,9.0
22,BLSE,Industrials,Specialty Business Services,20961943552.0,1.7781,61.548,187.08,33.93,79.96,-29.65,79.39,8.06,7.0
23,ANTELOPUS,Energy,Oil & Gas E&P,30023380992.0,1.7154,66.972,98.16,52.35,76.72,-35.38,66.98,13.21,3.0
24,INDOTECH,Industrials,Electrical Equipment & Parts,27564210176.0,1.6807,71.03999999999999,135.66,23.46,102.76,-17.05,30.97,8.06,7.0
25,HSCL,Basic Materials,Specialty Chemicals,342836019200.0,1.6177,50.088,166.78,36.81,58.94,-22.97,104.16,9.84,5.0
26,ADANIPOWER,Utilities,Utilities - Independent Power Producers,4361040953344.0,1.5964,50.582,193.7,12.53,75.95,-16.21,31.96,15.17,1.0
27,GRMOVER,Consumer Defensive,Packaged Foods,20405821440.0,1.5911,66.972,98.16,52.35,76.72,-35.38,66.98,7.34,8.0
28,BANKA,Unknown,Unknown,,1.535,61.834,168.14,35.29,79.53,-30.26,74.61,0.0,
29,ACMESOLAR,Utilities,Utilities - Renewable,246031499264.0,1.5276,47.11999999999999,150.14,22.58,63.48,-6.68,53.41,15.17,1.0
30,CALSOFT,Unknown,Unknown,,1.5118,71.922,92.91,77.13,68.45,-72.19,104.7,0.0,
31,EFFWA,Unknown,Unknown,,1.5112,61.23400000000001,130.8,46.45,71.09,-24.89,85.46,0.0,
32,GOCLCORP,Basic Materials,Specialty Chemicals,19771987968.0,1.5029,55.332,138.5,26.85,74.32,-14.17,50.04,9.84,5.0
33,ADANIENSOL,Utilities,Utilities - Independent Power Producers,1897065611264.0,1.4814,49.804,148.2,20.41,69.4,-15.26,43.58,15.17,1.0
34,IDEA,Communication Services,Telecom Services,1531970584576.0,1.4705,58.42,113.7,63.49,55.04,-55.8,131.15,4.24,11.0
35,ADANIENT,Energy,Thermal Coal,4088385765376.0,1.4598,49.048,132.04,40.66,54.64,-36.08,98.26,13.21,3.0
36,APCOTEXIND,Basic Materials,Specialty Chemicals,27944433664.0,1.449,51.22,125.17,41.14,57.94,-27.63,88.87,9.84,5.0
37,CYIENTDLM,Technology,Electronic Components,35210014720.0,1.4456,46.664,141.62,26.06,60.4,-17.43,61.1,14.95,2.0
38,ACUTAAS,Basic Materials,Specialty Chemicals,261881151488.0,1.4291,52.024,124.9,43.3,57.84,-36.23,93.5,9.84,5.0
39,AIMTRON,Unknown,Unknown,,1.3945,58.044,147.15,31.02,76.06,-19.39,60.01,0.0,
40,CUPID,Consumer Defensive,Household & Personal Products,196132208640.0,1.3878,58.162000000000006,122.57,26.65,79.17,-19.6,41.26,7.34,8.0
41,ATGL,Utilities,Utilities - Regulated Gas,827222130688.0,1.3649,50.83,121.36,26.41,67.11,-27.08,47.76,15.17,1.0
42,DENEERS,Unknown,Unknown,,1.3499,58.922,115.24,53.63,62.45,-44.11,98.97,0.0,
43,HIRECT,Industrials,Electrical Equipment & Parts,37747593216.0,1.3379,56.362,122.98,26.35,76.37,-24.27,42.43,8.06,7.0
44,DPEL,Unknown,Unknown,,1.3279,53.32599999999999,186.88,16.03,78.19,-17.58,38.31,0.0,
45,GAYAPROJ,Unknown,Unknown,,1.2706,45.50599999999999,199.25,6.77,71.33,3.75,18.91,0.0,
46,BIRLACABLE,Unknown,Unknown,,1.2539,56.468,106.94,41.57,66.4,-25.21,66.95,0.0,
47,INNOVANA,Unknown,Unknown,,1.2539,56.468,106.94,41.57,66.4,-25.21,66.95,0.0,
48,GRWRHITECH,Basic Materials,Specialty Chemicals,144621649920.0,1.236,54.36,86.12,51.75,56.1,-54.68,79.44,9.84,5.0
49,DEEPINDS,Energy,Oil & Gas E&P,33235200000.0,1.2298,42.642,123.46,15.99,60.41,-3.48,32.68,13.21,3.0
50,DIACABS,Industrials,Specialty Industrial Machinery,106695835648.0,1.2295,47.416,120.91,32.92,57.08,-27.33,69.73,8.06,7.0
51,GREENPLY,Basic Materials,Lumber & Wood Production,36056723456.0,1.2069,43.052,113.41,25.55,54.72,-7.03,52.95,9.84,5.0
52,ASTRAMICRO,Technology,Communication Equipment,138401333248.0,1.1747,40.042,110.92,31.09,46.01,-29.04,74.95,14.95,2.0
53,GRANULES,Healthcare,Drug Manufacturers - Specialty & Generic,189577035776.0,1.1566,36.608,146.84,22.49,46.02,-19.63,71.76,10.69,4.0
54,GUFICBIO,Healthcare,Drug Manufacturers - Specialty & Generic,38789271552.0,1.1429,37.942,112.98,32.98,41.25,-21.31,90.33,10.69,4.0
55,BHEL,Industrials,Specialty Industrial Machinery,1380812193792.0,1.1387,44.052,144.47,21.0,59.42,-27.43,51.06,8.06,7.0
56,ATHERENERG,Consumer Cyclical,Auto Manufacturers,395687362560.0,1.1208,43.690000000000005,129.45,19.09,60.09,-11.05,41.12,6.62,9.0
57,ARVIND,Consumer Cyclical,Textile Manufacturing,131083534336.0,1.1093,43.332,118.39,31.38,51.3,-26.27,72.42,6.62,9.0
58,IFCI,Financial Services,Credit Services,207650799616.0,1.1067,46.648,98.29,34.51,54.74,-17.46,61.97,4.13,12.0
59,ADFFOODS,Consumer Defensive,Packaged Foods,31470428160.0,1.085,45.738,103.93,26.34,58.67,-18.65,46.66,7.34,8.0
60,HONASA,Consumer Defensive,Household & Personal Products,132780982272.0,1.0822,38.636,135.27,25.19,47.6,-22.01,71.58,7.34,8.0
61,INDIACEM,Basic Materials,Building Materials,175734734848.0,1.0606,42.248,118.05,17.12,59.0,-15.22,34.25,9.84,5.0
62,DEEPAKFERT,Basic Materials,Chemicals,191898386432.0,1.0606,42.248,118.05,17.12,59.0,-15.22,34.25,9.84,5.0
63,ALKALI,Unknown,Unknown,,1.0509,51.412,100.61,41.41,58.08,-37.91,71.73,0.0,
64,GLAND,Healthcare,Drug Manufacturers - Specialty & Generic,377510232064.0,1.0432,37.388,109.96,31.7,41.18,-29.9,84.65,10.69,4.0
65,HCC,Industrials,Engineering & Construction,61347942400.0,1.0428,43.554,104.09,24.18,56.47,-18.06,44.57,8.06,7.0
66,BAJAJCON,Consumer Defensive,Household & Personal Products,76045983744.0,1.005,44.144000000000005,106.48,22.67,58.46,-22.03,41.29,7.34,8.0
67,BHAGERIA,Unknown,Unknown,,1.0038,41.296,91.89,33.73,46.34,-0.87,66.88,0.0,
68,COHANCE,Healthcare,Drug Manufacturers - Specialty & Generic,165388566528.0,1.0037,43.508,92.22,23.93,56.56,-23.25,39.02,10.69,4.0
69,BOROSCI,Unknown,Unknown,,0.9926,46.558,115.21,33.58,55.21,-32.09,70.08,0.0,
70,INSPIRISYS,Unknown,Unknown,,0.9033,45.742,106.62,41.35,48.67,-51.37,90.58,0.0,
71,COFFEEDAY,Unknown,Unknown,,0.9014,46.956,71.15,46.59,47.2,-35.24,70.23,0.0,
72,INNOVACAP,Healthcare,Drug Manufacturers - Specialty & Generic,52343644160.0,0.8992,33.382,97.8,27.4,37.37,-24.6,71.71,10.69,4.0
73,GUJTHEM,Healthcare,Drug Manufacturers - Specialty & Generic,43790594048.0,0.8935,39.922,72.32,31.42,45.59,-28.43,49.84,10.69,4.0
74,JINDALSAW,Basic Materials,Steel,152907923456.0,0.8895,38.348,104.11,7.7,58.78,-5.51,13.64,9.84,5.0
75,ELECTHERM,Unknown,Unknown,,0.8848,47.108,80.47,32.09,57.12,-21.36,45.21,0.0,
76,GPTHEALTH,Unknown,Unknown,,0.8848,47.108,80.47,32.09,57.12,-21.36,45.21,0.0,
77,ASIANENE,Energy,Oil & Gas Equipment & Services,18646394880.0,0.8786,34.24,76.41,25.84,39.84,-18.31,49.56,13.21,3.0
78,BODALCHEM,Unknown,Unknown,,0.8742,43.71,128.54,6.6,68.45,-5.4,12.39,0.0,
79,BAJEL,Utilities,Utilities - Regulated Electric,23197235200.0,0.86,33.092,83.94,15.8,44.62,-12.41,29.72,15.17,1.0
80,CELLECOR,Unknown,Unknown,62865342464.0,0.8447,38.716,114.41,13.21,55.72,-15.99,27.13,5.75,10.0
81,GULFPETRO,Unknown,Unknown,,0.8441,37.914,93.38,32.61,41.45,-15.94,73.46,0.0,
82,CHEMCON,Unknown,Unknown,,0.8438,39.742,89.6,36.19,42.11,-23.84,77.0,0.0,
83,CEIGALL,Industrials,Engineering & Construction,63828660224.0,0.8381,29.616,124.94,14.61,39.62,-10.54,46.07,8.06,7.0
84,IONEXCHANG,Industrials,Pollution & Treatment Controls,42638426112.0,0.8379,39.922,72.32,31.42,45.59,-28.43,49.84,8.06,7.0
85,CGPOWER,Industrials,Electrical Equipment & Parts,1435101954048.0,0.8277,32.544000000000004,108.38,18.69,41.78,-15.67,48.48,8.06,7.0
86,AZAD,Industrials,Specialty Industrial Machinery,144017293312.0,0.8263,33.258,95.87,18.09,43.37,-7.77,39.99,8.06,7.0
87,GRINDWELL,Industrials,Building Products & Equipment,214043901952.0,0.7972,28.05,105.42,21.99,32.09,-14.73,72.24,8.06,7.0
88,ANGELONE,Financial Services,Capital Markets,308301070336.0,0.7855,37.064,120.27,5.6,58.04,-6.23,11.6,4.13,12.0
89,GANESHBE,Unknown,Unknown,,0.7771,37.362,92.16,22.56,47.23,-5.32,44.02,0.0,
90,ABSMARINE,Unknown,Unknown,,0.7755,45.28,99.08,24.31,59.26,-33.5,40.65,0.0,
91,AIAENG,Industrials,Specialty Industrial Machinery,418924462080.0,0.7737,29.056,107.3,19.03,35.74,-15.41,57.13,8.06,7.0
92,GOKULAGRO,Consumer Defensive,Packaged Foods,69020778496.0,0.7726,34.0,112.36,3.16,54.56,-0.73,6.51,7.34,8.0
93,APARINDS,Industrials,Electrical Equipment & Parts,546731163648.0,0.766,33.77,81.62,22.82,41.07,-16.21,45.35,8.06,7.0
94,BSE,Financial Services,Financial Data & Stock Exchanges,1623013720064.0,0.766,35.624,118.28,15.68,48.92,-21.37,37.91,4.13,12.0
95,IZMO,Unknown,Unknown,,0.7656,38.682,66.69,33.9,41.87,-10.78,54.0,0.0,
96,GVT&D,Industrials,Specialty Industrial Machinery,1262565457920.0,0.7562,34.128,86.57,24.69,40.42,-25.51,52.88,8.06,7.0
97,FOCUS,Unknown,Unknown,,0.7562,38.834,90.07,21.02,50.71,-8.06,37.34,0.0,
98,CENTUM,Technology,Electronic Components,49458946048.0,0.756,30.984,65.5,25.59,34.58,-25.51,48.48,14.95,2.0
99,GREAVESCOT,Industrials,Specialty Industrial Machinery,44314349568.0,0.7528,31.480000000000004,84.59,24.28,36.28,-17.65,56.61,8.06,7.0
100,ENRIN,Utilities,Utilities - Renewable,1263337472000.0,0.7481,28.748,83.87,19.37,35.0,-24.43,46.42,15.17,1.0
101,INOXINDIA,Industrials,Specialty Industrial Machinery,153090801664.0,0.7481,27.688,124.34,3.4,43.88,3.12,9.63,8.06,7.0
102,ITDC,Consumer Cyclical,Lodging,50938449920.0,0.7479,31.834,75.68,13.03,44.37,11.21,22.22,6.62,9.0
103,IKS,Healthcare,Health Information Services,282183827456.0,0.7421,29.314,90.92,21.31,34.65,-21.53,55.92,10.69,4.0
104,AFIL,Unknown,Unknown,,0.7352,38.988,101.36,14.61,55.24,-8.63,26.81,0.0,
105,COFORGE,Technology,Information Technology Services,625052221440.0,0.7345,27.67,74.03,21.19,31.99,-19.44,49.04,14.95,2.0
106,ACCENTMIC,Unknown,Unknown,,0.7291,36.62,101.14,18.32,48.82,-9.46,37.95,0.0,
107,ATALREAL,Unknown,Unknown,,0.7242,32.8,110.74,24.01,38.66,-18.59,68.78,0.0,
108,JAYBARMARU,Unknown,Unknown,,0.7051,39.694,58.12,39.01,40.15,-23.9,56.47,0.0,
109,ALKYLAMINE,Basic Materials,Specialty Chemicals,94688100352.0,0.6993,30.246,68.39,24.15,34.31,-15.81,48.14,9.84,5.0
110,CARBORUNIV,Industrials,Conglomerates,198132285440.0,0.6983,27.368,105.16,15.23,35.46,-13.4,45.17,8.06,7.0
111,BFUTILITIE,Industrials,Infrastructure Operations,23054471168.0,0.6941,29.092,84.06,14.11,39.08,-1.58,30.35,8.06,7.0
112,ADVENZYMES,Basic Materials,Specialty Chemicals,41671925760.0,0.6929,30.26,71.4,28.01,31.76,-26.39,62.97,9.84,5.0
113,FILATEX,Consumer Cyclical,Textile Manufacturing,23259777024.0,0.6823,29.472,72.85,24.18,33.0,-9.94,53.38,6.62,9.0
114,EXIDEIND,Consumer Cyclical,Auto Parts,334007500800.0,0.651,26.516,97.71,17.57,32.48,-13.39,52.86,6.62,9.0
115,ASHAPURMIN,Basic Materials,Other Industrial Metals & Mining,65559560192.0,0.6403,33.065999999999995,72.62,15.15,45.01,-19.38,24.44,9.84,5.0
116,INDORAMA,Unknown,Unknown,,0.6387,34.57599999999999,77.0,25.72,40.48,-13.47,48.93,0.0,
117,FSL,Technology,Information Technology Services,173279854592.0,0.622,26.238,51.52,24.63,27.31,-21.83,46.46,14.95,2.0
118,CGCL,Financial Services,Credit Services,195509682176.0,0.6134,27.418,106.07,13.0,37.03,-9.98,37.24,4.13,12.0
119,GULPOLY,Unknown,Unknown,,0.6093,31.806,84.65,17.22,41.53,-1.63,35.1,0.0,
120,EPIGRAL,Basic Materials,Chemicals,49599590400.0,0.6073,27.5,93.05,1.25,45.0,0.22,2.58,9.84,5.0
121,GANESHHOU,Real Estate,Real Estate - Development,64191377408.0,0.6068,25.49,62.14,25.07,25.77,-13.6,60.45,9.07,6.0
122,JBMA,Consumer Cyclical,Auto Parts,160047497216.0,0.6052,29.16,75.92,12.75,40.1,-2.53,24.14,6.62,9.0
123,DSSL,Unknown,Unknown,,0.603,44.628,85.55,27.72,55.9,-53.34,42.42,0.0,
124,ADANIPORTS,Industrials,Marine Shipping,4207950954496.0,0.6007,25.296000000000003,84.98,19.8,28.96,-17.93,58.1,8.06,7.0
125,EMKAY,Unknown,Unknown,,0.5943,31.05,51.76,24.84,35.19,9.0,36.53,0.0,
126,BCG,Communication Services,Advertising Agencies,21658738688.0,0.5879,30.68,51.82,30.17,31.02,-13.47,50.4,4.24,11.0
127,GHCLTEXTIL,Unknown,Unknown,,0.5832,31.918,92.37,19.9,39.93,-16.01,46.03,0.0,
128,INDIGRID,Unknown,Unknown,133416214528.0,0.5815,9.934,165.0,5.53,12.87,-4.5,70.9,5.75,10.0
129,GUJALKALI,Basic Materials,Chemicals,46503936000.0,0.5814,27.994000000000003,98.52,-4.67,49.77,1.19,-9.24,9.84,5.0
130,DCMNVL,Unknown,Unknown,,0.5781,34.27,58.64,39.37,30.87,-32.07,74.79,0.0,
131,ELECON,Industrials,Specialty Industrial Machinery,119571496960.0,0.5742,28.486,75.54,9.97,40.83,-4.98,18.45,8.06,7.0
132,CARYSIL,Consumer Cyclical,"Furnishings, Fixtures & Appliances",31958112256.0,0.5721,29.79,64.37,24.99,32.99,-21.93,48.76,6.62,9.0
133,CHENNPETRO,Energy,Oil & Gas Refining & Marketing,182624927744.0,0.5719,22.39,58.14,15.04,27.29,-2.53,32.04,13.21,3.0
134,EMCURE,Healthcare,Drug Manufacturers - Specialty & Generic,330880057344.0,0.5632,22.746,77.76,14.7,28.11,-10.31,40.66,10.69,4.0
135,GEOJITFSL,Financial Services,Capital Markets,20624332800.0,0.5503,27.442,79.21,19.96,32.43,-13.81,48.75,4.13,12.0
136,ICIL,Consumer Cyclical,Textile Manufacturing,66645282816.0,0.5472,30.26,54.29,24.92,33.82,-18.82,40.0,6.62,9.0
137,ABDL,Consumer Defensive,Beverages - Wineries & Distilleries,163098984448.0,0.5437,25.61,84.37,9.53,36.33,-4.71,22.13,7.34,8.0
138,GPECO,Unknown,Unknown,,0.539,36.042,62.93,28.44,41.11,-25.84,43.53,0.0,
139,HARDWYN,Unknown,Unknown,,0.5362,31.592,112.75,1.91,51.38,-4.14,4.19,0.0,
140,AUROPHARMA,Healthcare,Drug Manufacturers - Specialty & Generic,833722580992.0,0.52,18.822,94.7,7.35,26.47,-4.04,26.3,10.69,4.0
141,IVP,Unknown,Unknown,,0.5065,32.78,82.26,21.17,40.52,-24.48,42.98,0.0,
142,CORDSCABLE,Unknown,Unknown,,0.5053,35.57,71.24,28.67,40.17,-36.39,50.84,0.0,
143,CUMMINSIND,Industrials,Specialty Industrial Machinery,1559388618752.0,0.505,23.076,81.98,15.78,27.94,-16.67,46.3,8.06,7.0
144,DBSTOCKBRO,Unknown,Unknown,,0.5038,26.94,102.79,19.86,31.66,-23.95,64.48,0.0,
145,DYNAMIC,Unknown,Unknown,,0.502,32.424,69.34,14.91,44.1,-4.73,23.44,0.0,
146,HCG,Healthcare,Medical Care Facilities,94799437824.0,0.502,20.544,77.28,14.73,24.42,-14.16,46.61,10.69,4.0
147,ASTERDM,Healthcare,Medical Care Facilities,408563023872.0,0.4998,19.456000000000003,74.49,14.95,22.46,-10.63,49.59,10.69,4.0
148,AVL,Consumer Cyclical,Specialty Retail,69489180672.0,0.4977,20.122,93.27,13.12,24.79,-9.26,49.36,6.62,9.0
149,EMAMIREAL,Unknown,Unknown,,0.4974,35.662,65.5,23.8,43.57,-25.35,35.78,0.0,
150,INDOBORAX,Unknown,Unknown,,0.4946,30.162,82.12,23.19,34.81,-23.67,54.71,0.0,
151,GALAPREC,Unknown,Unknown,,0.4946,30.162,82.12,23.19,34.81,-23.67,54.71,0.0,
152,HARIOMPIPE,Unknown,Unknown,,0.492,31.978,49.03,38.95,27.33,-30.9,69.88,0.0,
153,AJAXENGG,Industrials,Farm & Heavy Construction Machinery,66573320192.0,0.4883,23.326,67.85,19.51,25.87,-16.73,51.17,8.06,7.0
154,DATAPATTNS,Industrials,Aerospace & Defense,255202918400.0,0.4849,25.666,62.14,14.8,32.91,-9.8,27.95,8.06,7.0
155,GRASIM,Basic Materials,Building Materials,2099283886080.0,0.4811,18.486,80.88,16.02,20.13,-16.37,64.36,9.84,5.0
156,ALPEXSOLAR,Unknown,Unknown,20531959808.0,0.481,28.746,79.52,-0.36,48.15,1.56,-0.59,5.75,10.0
157,DREDGECORP,Industrials,Engineering & Construction,31931201536.0,0.4764,28.478,43.15,27.59,29.07,-25.32,40.95,8.06,7.0
158,DJML,Unknown,Unknown,,0.475,30.158,67.85,24.11,34.19,-17.48,47.85,0.0,
159,JETFREIGHT,Unknown,Unknown,,0.4747,29.662000000000003,80.17,18.07,37.39,-14.52,38.74,0.0,
160,ASIANPAINT,Basic Materials,Specialty Chemicals,2596104568832.0,0.474,18.43,89.47,9.37,24.47,-8.03,34.26,9.84,5.0
161,CENTENKA,Unknown,Unknown,,0.4695,28.442,71.02,24.05,31.37,-16.73,54.45,0.0,
162,CRAFTSMAN,Consumer Cyclical,Auto Parts,217717981184.0,0.467,25.134,62.85,23.07,26.51,-22.4,54.69,6.62,9.0
163,DIAMONDYD,Consumer Defensive,Packaged Foods,27073892352.0,0.4606,23.106,55.53,24.3,22.31,-18.14,60.48,7.34,8.0
164,AEGISLOG,Energy,Oil & Gas Refining & Marketing,274710151168.0,0.4546,18.884,60.65,12.65,23.04,-8.92,33.3,13.21,3.0
165,INDOAMIN,Unknown,Unknown,,0.4537,30.25,77.12,20.83,36.53,-21.82,43.97,0.0,
166,HMVL,Unknown,Unknown,,0.4526,24.554,66.92,21.14,26.83,-1.96,52.73,0.0,
167,ARROWGREEN,Unknown,Unknown,,0.4518,31.128,87.46,2.07,50.5,-0.08,3.59,0.0,
168,GOODLUCK,Basic Materials,Steel,44296957952.0,0.4497,22.49,60.89,13.25,28.65,-9.04,28.16,9.84,5.0
169,BEPL,Basic Materials,Chemicals,24194019328.0,0.447,18.422,98.85,-1.57,31.75,3.75,-4.89,9.84,5.0
170,AEROENTER,Unknown,Unknown,,0.4414,30.324,70.35,15.66,40.1,-10.09,27.47,0.0,
171,ELGIEQUIP,Industrials,Specialty Industrial Machinery,190626529280.0,0.438,20.784,65.75,14.79,24.78,-7.54,39.24,8.06,7.0
172,AVANTEL,Technology,Communication Equipment,44634107904.0,0.4364,20.628,54.03,12.18,26.26,-15.63,25.06,14.95,2.0
173,BLUEJET,Healthcare,Biotechnology,81164468224.0,0.4337,22.876,49.14,16.42,27.18,-12.1,29.69,10.69,4.0
174,BORORENEW,Technology,Solar,73655681024.0,0.433,17.951999999999998,57.44,5.85,26.02,-0.55,12.91,14.95,2.0
175,JAYNECOIND,Basic Materials,Steel,87875346432.0,0.4311,24.482,72.84,3.44,38.51,-8.46,6.51,9.84,5.0
176,HINDOILEXP,Energy,Oil & Gas E&P,24204488704.0,0.4279,20.188,37.49,18.37,21.4,-8.98,32.18,13.21,3.0
177,J&KBANK,Financial Services,Banks - Regional,172863619072.0,0.4225,23.914,69.97,15.88,29.27,-9.96,37.96,4.13,12.0
178,IFGLEXPOR,Unknown,Unknown,,0.4195,27.15,68.96,14.31,35.71,-1.95,27.64,0.0,
179,CYBERTECH,Unknown,Unknown,,0.4195,29.94,79.41,11.46,42.26,-11.51,21.53,0.0,
180,APTECHT,Unknown,Unknown,,0.419,28.808,77.32,13.4,39.08,-10.47,26.51,0.0,
181,AMNPLST,Unknown,Unknown,,0.4131,30.598,58.45,23.95,35.03,-20.27,39.96,0.0,
182,EBGNG,Technology,Computer Hardware,46870134784.0,0.4091,20.742,42.84,17.28,23.05,-20.73,32.12,14.95,2.0
183,CAMS,Technology,Information Technology Services,185913982976.0,0.4045,16.212,71.88,5.07,23.64,-8.18,15.42,14.95,2.0
184,INTELLECT,Technology,Software - Application,104565497856.0,0.4044,16.798000000000002,49.06,11.86,20.09,-6.99,28.96,14.95,2.0
185,ANUP,Industrials,Specialty Industrial Machinery,37538967552.0,0.4035,22.304,75.04,-2.65,38.94,7.53,-5.11,8.06,7.0
186,IGPL,Unknown,Unknown,,0.3965,26.744,83.04,8.39,38.98,-3.64,17.87,0.0,
187,AKIKO,Unknown,Unknown,,0.3846,26.1,76.49,12.84,34.94,-7.07,28.11,0.0,
188,IMFA,Basic Materials,Other Industrial Metals & Mining,76593242112.0,0.3843,21.094,62.19,2.89,33.23,1.56,5.41,9.84,5.0
189,AKUMS,Healthcare,Drug Manufacturers - Specialty & Generic,83938205696.0,0.3809,16.619999999999997,64.78,9.27,21.52,-2.87,27.9,10.69,4.0
190,BBL,Industrials,Electrical Equipment & Parts,32230846464.0,0.3791,20.718,71.21,5.52,30.85,-2.7,12.74,8.06,7.0
191,CIPLA,Healthcare,Drug Manufacturers - Specialty & Generic,1111999119360.0,0.3784,15.556,54.59,19.36,13.02,-17.62,81.17,10.69,4.0
192,JASH,Industrials,Specialty Industrial Machinery,28109152256.0,0.376,18.832,55.13,12.73,22.9,-0.45,30.65,8.06,7.0
193,DAMODARIND,Unknown,Unknown,,0.3705,28.54,68.83,18.13,35.48,-19.16,35.17,0.0,
194,DATAMATICS,Technology,Information Technology Services,45881331712.0,0.3699,17.238,36.72,15.24,18.57,-10.07,30.14,14.95,2.0
195,ITI,Technology,Communication Equipment,289048166400.0,0.3681,16.238,58.48,3.56,24.69,-2.25,8.43,14.95,2.0
196,CESC,Utilities,Utilities - Regulated Electric,227573923840.0,0.3641,14.374,68.46,3.37,21.71,-4.52,10.63,15.17,1.0
197,BANSALWIRE,Basic Materials,Steel,47279898624.0,0.3622,19.652,77.1,1.7,31.62,-4.95,4.15,9.84,5.0
198,ANANTRAJ,Real Estate,Real Estate - Development,194603450368.0,0.3568,19.598000000000003,43.04,14.72,22.85,-2.99,27.73,9.07,6.0
199,WELENT,Industrials,Engineering & Construction,73312821248.0,0.353,18.974,61.99,10.64,24.53,-5.14,26.89,8.06,7.0
200,GENUSPOWER,Industrials,Electrical Equipment & Parts,84030701568.0,0.3518,21.158,65.64,8.3,29.73,-9.1,18.33,8.06,7.0
201,GRINFRA,Industrials,Engineering & Construction,83436601344.0,0.3518,21.158,65.64,8.3,29.73,-9.1,18.33,8.06,7.0
202,FACT,Basic Materials,Agricultural Inputs,566867394560.0,0.3492,20.104,71.79,-2.99,35.5,2.75,-6.05,9.84,5.0
203,APOLLOHOSP,Healthcare,Medical Care Facilities,1225620455424.0,0.3441,13.158,64.5,13.08,13.21,-10.73,63.87,10.69,4.0
204,AGIIL,Real Estate,Real Estate - Development,46661525504.0,0.3419,20.8,50.28,9.4,28.4,-4.34,16.64,9.07,6.0
205,IPCALAB,Healthcare,Drug Manufacturers - Specialty & Generic,414552686592.0,0.3415,16.976,63.98,7.49,23.3,-5.52,20.57,10.69,4.0
206,FROG,Unknown,Unknown,,0.3351,28.87,53.31,14.56,38.41,-8.5,20.21,0.0,
207,INDGN,Healthcare,Health Information Services,125781983232.0,0.3344,15.692,65.46,9.41,19.88,-8.36,30.98,10.69,4.0
208,CTE,Unknown,Unknown,,0.333,27.124,63.43,14.05,35.84,-10.4,24.87,0.0,
209,DIFFNKG,Unknown,Unknown,,0.3327,25.184,82.44,8.72,36.16,-9.11,19.88,0.0,
210,IRBINVIT,Unknown,Unknown,85072601088.0,0.3291,22.876,49.14,16.42,27.18,-12.1,29.69,5.75,10.0
211,FEDFINA,Financial Services,Credit Services,58420043776.0,0.3236,23.246,65.81,10.64,31.65,-10.56,22.13,4.13,12.0
212,DEEDEV,Industrials,Metal Fabrication,47701667840.0,0.3205,20.8,50.28,9.4,28.4,-4.34,16.64,8.06,7.0
213,3IINFOLTD,Unknown,Unknown,,0.32,21.016,108.7,-0.29,35.22,0.07,-0.9,0.0,
214,HINDALCO,Basic Materials,Aluminum,2407666024448.0,0.3104,16.61,65.61,9.62,21.27,-11.9,29.67,9.84,5.0
215,BAJAJHIND,Consumer Defensive,Confectioners,45528850432.0,0.3061,17.644,60.21,7.21,24.6,1.08,17.65,7.34,8.0
216,JBCHEPHARM,Healthcare,Drug Manufacturers - Specialty & Generic,354866855936.0,0.2976,12.876,54.14,14.91,11.52,-14.05,70.07,10.69,4.0
217,AERONEU,Unknown,Unknown,,0.2962,26.21,70.02,11.09,36.29,-13.01,21.4,0.0,
218,HNDFDS,Industrials,Conglomerates,64258637824.0,0.2933,15.958,61.15,11.77,18.75,-8.76,38.39,8.06,7.0
219,ANTHEM,Healthcare,Biotechnology,437153824768.0,0.2876,14.378,67.45,4.64,20.87,-3.66,15.0,10.69,4.0
220,ABB,Industrials,Specialty Industrial Machinery,1468736864256.0,0.2859,16.773999999999997,79.81,-1.04,28.65,0.63,-2.9,8.06,7.0
221,BIOCON,Healthcare,Biotechnology,674281881600.0,0.2835,14.48,66.01,6.95,19.5,-8.26,23.53,10.69,4.0
222,GMDCLTD,Energy,Thermal Coal,199640399872.0,0.2705,16.486,51.13,-0.74,27.97,-0.33,-1.35,13.21,3.0
223,CONCORDBIO,Healthcare,Biotechnology,133092737024.0,0.2695,12.924,77.39,1.92,20.26,-3.34,7.33,10.69,4.0
224,ALIVUS,Healthcare,Drug Manufacturers - Specialty & Generic,127035326464.0,0.2695,12.924,77.39,1.92,20.26,-3.34,7.33,10.69,4.0
225,GANDHAR,Unknown,Unknown,,0.2661,24.148,55.57,18.16,28.14,-14.31,35.86,0.0,
226,BERGEPAINT,Basic Materials,Specialty Chemicals,585216819200.0,0.2655,14.48,66.01,6.95,19.5,-8.26,23.53,9.84,5.0
227,DCAL,Healthcare,Biotechnology,29462677504.0,0.265,19.722,34.57,15.99,22.21,-17.71,24.89,10.69,4.0
228,CLEDUCATE,Unknown,Unknown,,0.2643,22.79,46.39,13.79,28.79,2.94,22.22,0.0,
229,HRHNEXT,Unknown,Unknown,,0.2629,22.74,68.13,-2.34,39.46,14.31,-4.04,0.0,
230,CERA,Industrials,Building Products & Equipment,75230453760.0,0.2627,15.49,71.57,4.78,22.63,-4.95,15.12,8.06,7.0
231,CDSL,Financial Services,Capital Markets,253370712064.0,0.2624,18.884,60.65,12.65,23.04,-8.92,33.3,4.13,12.0
232,ISFT,Unknown,Unknown,,0.256,23.532,66.04,13.23,30.4,-13.06,28.74,0.0,
233,INSECTICID,Basic Materials,Agricultural Inputs,21091565568.0,0.2559,15.7,64.73,3.91,23.56,-6.01,10.74,9.84,5.0
234,IFBIND,Consumer Cyclical,"Furnishings, Fixtures & Appliances",52107169792.0,0.2534,20.218,43.26,16.6,22.63,-15.57,31.73,6.62,9.0
235,AXISCADES,Industrials,Engineering & Construction,82318729216.0,0.2497,19.079999999999995,59.77,-0.54,32.16,-0.19,-1.0,8.06,7.0
236,INDOCO,Healthcare,Drug Manufacturers - Specialty & Generic,18974879744.0,0.2458,15.406,43.08,14.08,16.29,-13.95,37.24,10.69,4.0
237,INDIAGLYCO,Basic Materials,Chemicals,65555525632.0,0.2448,15.636,56.72,4.47,23.08,-3.34,10.99,9.84,5.0
238,INDNIPPON,Consumer Cyclical,Auto Parts,20259745792.0,0.2402,18.766,44.6,18.85,18.71,-19.75,44.93,6.62,9.0
239,EMIL,Consumer Cyclical,Specialty Retail,41041149952.0,0.2391,19.24,57.72,6.67,27.62,-8.16,13.94,6.62,9.0
240,DIXON,Technology,Consumer Electronics,705970765824.0,0.2366,13.45,39.51,5.86,18.51,-5.89,12.51,14.95,2.0
241,AGI,Consumer Cyclical,Packaging & Containers,40015331328.0,0.2353,18.928,48.26,10.69,24.42,-8.38,21.13,6.62,9.0
242,COALINDIA,Energy,Thermal Coal,2877378002944.0,0.2328,11.21,40.5,10.94,11.39,-7.0,38.9,13.21,3.0
243,DURLAX,Unknown,Unknown,,0.2325,25.472,65.14,12.95,33.82,-20.33,24.94,0.0,
244,AETHER,Basic Materials,Specialty Chemicals,150624600064.0,0.2268,14.966,54.81,0.35,24.71,4.11,0.78,9.84,5.0
245,GAIL,Utilities,Utilities - Regulated Gas,1101917585408.0,0.2252,9.972,45.9,5.13,13.2,-2.58,17.84,15.17,1.0
246,APTUS,Financial Services,Mortgage Finance,126712946688.0,0.2234,17.358,66.55,7.08,24.21,-4.37,19.46,4.13,12.0
247,INOXGREEN,Utilities,Utilities - Renewable,70461849600.0,0.2231,12.85,40.15,1.54,20.39,-0.13,3.03,15.17,1.0
248,EMUDHRA,Technology,Software - Application,39655739392.0,0.2193,11.604,54.21,-3.63,21.76,3.74,-9.04,14.95,2.0
249,FLUOROCHEM,Basic Materials,Specialty Chemicals,393131196416.0,0.2187,14.496,46.21,13.41,15.22,-14.59,40.71,9.84,5.0
250,FINCABLES,Industrials,Electrical Equipment & Parts,157848698880.0,0.2108,18.478,47.77,13.06,22.09,-19.27,28.24,8.06,7.0
251,BANDHANBNK,Financial Services,Banks - Regional,333384056832.0,0.2097,19.43,42.81,21.68,17.93,-22.08,51.77,4.13,12.0
252,HUDCO,Financial Services,Credit Services,418357051392.0,0.2027,16.976,63.98,7.49,23.3,-5.52,20.57,4.13,12.0
253,AMDIND,Unknown,Unknown,,0.2026,22.292,56.56,12.26,28.98,-9.52,23.93,0.0,
254,HBLENGINE,Industrials,Electrical Equipment & Parts,216600133632.0,0.199,16.823999999999998,58.88,1.59,26.98,-4.2,3.47,8.06,7.0
255,IBLFL,Unknown,Unknown,,0.1975,22.664,58.41,16.25,26.94,-19.59,35.23,0.0,
256,ASHIANA,Real Estate,Real Estate - Development,36410105856.0,0.1923,15.037999999999998,52.05,7.91,19.79,-10.34,20.8,9.07,6.0
257,BHAGCHEM,Basic Materials,Agricultural Inputs,33440360448.0,0.1911,15.733999999999998,56.3,-4.66,29.33,3.73,-8.94,9.84,5.0
258,CARTRADE,Consumer Cyclical,Auto & Truck Dealerships,104847376384.0,0.191,15.828,30.19,14.49,16.72,-0.75,26.16,6.62,9.0
259,EIEL,Industrials,Engineering & Construction,32394061824.0,0.1905,17.708,61.72,-9.19,35.64,7.14,-15.92,8.06,7.0
260,ADOR,Industrials,Specialty Industrial Machinery,19811366912.0,0.1901,15.406,43.08,14.08,16.29,-13.95,37.24,8.06,7.0
261,BAJAJ-AUTO,Consumer Cyclical,Auto Manufacturers,2844103540736.0,0.1861,13.602,52.45,13.95,13.37,-14.31,54.73,6.62,9.0
262,AGRITECH,Unknown,Unknown,,0.1817,18.478,36.3,14.77,20.95,7.18,25.59,0.0,
263,BLBLIMITED,Unknown,Unknown,,0.1817,18.478,36.3,14.77,20.95,7.18,25.59,0.0,
264,BANCOINDIA,Consumer Cyclical,Auto Parts,97472765952.0,0.1797,16.29,49.52,9.54,20.79,-8.89,22.73,6.62,9.0
265,20MICRONS,Unknown,Unknown,,0.1756,20.158,48.71,14.5,23.93,-6.55,29.51,0.0,
266,JAGSNPHARM,Unknown,Unknown,,0.1747,18.176,79.3,5.84,26.4,-6.8,17.54,0.0,
267,FORTIS,Healthcare,Medical Care Facilities,747219845120.0,0.1732,10.68,41.55,9.48,11.48,-4.34,34.31,10.69,4.0
268,ABSLAMC,Financial Services,Asset Management,307219562496.0,0.1728,17.636,59.09,7.28,24.54,-7.94,17.53,4.13,12.0
269,DIVISLAB,Healthcare,Drug Manufacturers - Specialty & Generic,1792709230592.0,0.1652,10.146,46.44,9.93,10.29,-9.82,44.81,10.69,4.0
270,BALPHARMA,Unknown,Unknown,,0.1644,20.806,59.36,15.07,24.63,-18.65,36.32,0.0,
271,CAMLINFINE,Basic Materials,Specialty Chemicals,25557790720.0,0.1643,14.446000000000002,4.48,31.69,2.95,-20.16,48.09,9.84,5.0
272,CASTROLIND,Energy,Oil & Gas Refining & Marketing,180524711936.0,0.1634,6.158,55.84,4.43,7.31,-3.49,33.84,13.21,3.0
273,GODREJIND,Industrials,Conglomerates,352365182976.0,0.1628,17.226,38.22,15.33,18.49,-20.44,31.69,8.06,7.0
274,COSMOFIRST,Consumer Cyclical,Packaging & Containers,19244079104.0,0.1597,15.406,43.08,14.08,16.29,-13.95,37.24,6.62,9.0
275,HINDWAREAP,Consumer Cyclical,"Furnishings, Fixtures & Appliances",18314371072.0,0.1597,15.406,43.08,14.08,16.29,-13.95,37.24,6.62,9.0
276,CHAMBLFERT,Basic Materials,Agricultural Inputs,182196633600.0,0.1578,11.792000000000002,47.24,7.88,14.4,-6.82,25.85,9.84,5.0
277,ARVSMART,Real Estate,Real Estate - Development,26573033472.0,0.1502,13.313999999999998,55.7,1.05,21.49,-1.89,2.72,9.07,6.0
278,IGIL,Basic Materials,Other Precious Metals & Mining,160785006592.0,0.15,13.282,44.8,6.07,18.09,-6.22,15.03,9.84,5.0
279,ENGINERSIN,Industrials,Engineering & Construction,134536077312.0,0.1442,14.762,45.9,1.01,23.93,2.41,1.94,8.06,7.0
280,HAPPYFORGE,Industrials,Metal Fabrication,128599678976.0,0.1442,14.762,45.9,1.01,23.93,2.41,1.94,8.06,7.0
281,EMBDL,Real Estate,Real Estate - Diversified,84653039616.0,0.1423,17.368,15.23,28.15,10.18,-30.36,42.1,9.07,6.0
282,HGS,Industrials,Specialty Business Services,18619744256.0,0.1405,12.424,62.66,1.54,19.68,-2.89,4.9,8.06,7.0
283,DIGISPICE,Unknown,Unknown,,0.1397,16.793999999999997,72.85,3.51,25.65,0.23,9.97,0.0,
284,ANANDRATHI,Financial Services,Asset Management,287367593984.0,0.1339,10.441999999999998,83.67,1.43,16.45,0.98,7.27,4.13,12.0
285,GAEL,Consumer Defensive,Packaged Foods,73511149568.0,0.1338,13.286,52.01,4.94,18.85,-3.53,13.63,7.34,8.0
286,DPWIRES,Unknown,Unknown,,0.1277,21.23,61.89,0.68,34.93,-2.29,1.2,0.0,
287,ATMASTCO,Unknown,Unknown,,0.1264,23.512,33.89,21.49,24.86,-22.47,29.3,0.0,
288,BELRISE,Consumer Cyclical,Auto Parts,208881336320.0,0.1229,13.782000000000002,56.74,1.44,22.01,-0.89,3.71,6.62,9.0
289,GLOBUSSPR,Consumer Defensive,Beverages - Wineries & Distilleries,24594407424.0,0.1162,15.458,39.1,10.61,18.69,-13.0,22.2,7.34,8.0
290,BATAINDIA,Consumer Cyclical,Footwear & Accessories,85894946816.0,0.1157,13.004,61.56,3.35,19.44,-6.4,10.61,6.62,9.0
291,ASKAUTOLTD,Consumer Cyclical,Auto Parts,84534738944.0,0.1157,13.004,61.56,3.35,19.44,-6.4,10.61,6.62,9.0
292,INDOSTAR,Financial Services,Credit Services,40975331328.0,0.1119,17.945999999999998,30.43,20.37,16.33,-20.25,37.95,4.13,12.0
293,CENTURYPLY,Basic Materials,Lumber & Wood Production,166563102720.0,0.1055,10.188,51.72,2.67,15.2,-2.91,9.08,9.84,5.0
294,BALAXI,Unknown,Unknown,,0.1051,21.926,68.82,-7.75,41.71,1.1,-12.79,0.0,
295,HEXT,Technology,Information Technology Services,317892820992.0,0.1045,9.557999999999998,31.55,-1.56,16.97,2.48,-2.9,14.95,2.0
296,BOSCHLTD,Consumer Cyclical,Auto Parts,1115449458688.0,0.1038,12.288,54.26,2.55,18.78,-0.08,7.37,6.62,9.0
297,ANURAS,Basic Materials,Specialty Chemicals,144268574720.0,0.1013,9.142,48.41,3.16,13.13,0.29,11.65,9.84,5.0
298,BOMDYEING,Consumer Cyclical,Textile Manufacturing,26475708416.0,0.101,15.458,39.1,10.61,18.69,-13.0,22.2,6.62,9.0
299,INDIGOPNTS,Basic Materials,Specialty Chemicals,46445633536.0,0.1007,12.094,34.8,11.74,12.33,-14.7,33.14,9.84,5.0
300,ENSER,Unknown,Unknown,17850488832.0,0.1001,18.948,45.36,-2.19,33.04,-3.63,-3.01,5.75,10.0
301,IRMENERGY,Unknown,Unknown,,0.0923,20.056,50.29,7.9,28.16,-8.44,14.11,0.0,
302,INDSWFTLAB,Unknown,Unknown,,0.0914,19.508,37.26,15.77,22.0,-11.09,26.71,0.0,
303,FMGOETZE,Consumer Cyclical,Auto Parts,23454504960.0,0.0903,12.976,44.16,3.01,19.62,1.68,6.77,6.62,9.0
304,BIRLACORPN,Basic Materials,Building Materials,73509298176.0,0.0889,12.006,39.85,6.06,15.97,-8.65,15.12,9.84,5.0
305,GLOBAL,Unknown,Unknown,,0.0875,17.235999999999997,40.79,13.3,19.86,-4.61,27.32,0.0,
306,DHANLAXMI,Unknown,Unknown,,0.0854,22.424,43.9,5.06,34.0,-7.35,6.53,0.0,
307,FAIRCHEMOR,Unknown,Unknown,,0.0846,15.106,21.76,18.04,13.15,6.43,29.85,0.0,
308,AGARIND,Unknown,Unknown,,0.0846,15.106,21.76,18.04,13.15,6.43,29.85,0.0,
309,DIVGIITTS,Consumer Cyclical,Auto Parts,24122284032.0,0.0839,15.098,37.32,11.0,17.83,-14.06,23.03,6.62,9.0
310,GUJGASLTD,Utilities,Utilities - Regulated Gas,367927230464.0,0.0754,7.784000000000001,18.96,9.14,6.88,-8.53,25.19,15.17,1.0
311,HAPPSTMNDS,Technology,Information Technology Services,53012410368.0,0.0754,8.517999999999999,30.1,0.94,13.57,-2.0,2.08,14.95,2.0
312,HPL,Industrials,Electrical Equipment & Parts,23328217088.0,0.0743,12.999999999999998,37.32,1.9,20.4,0.88,3.48,8.06,7.0
313,JAIBALAJI,Basic Materials,Steel,61339787264.0,0.0728,14.248,26.61,9.85,17.18,-13.83,15.25,9.84,5.0
314,DEEPAKNTR,Basic Materials,Chemicals,228908449792.0,0.0723,9.732,47.71,0.42,15.94,0.24,1.26,9.84,5.0
315,GPIL,Basic Materials,Steel,178881773568.0,0.0696,10.804,49.54,-2.15,19.44,0.18,-5.48,9.84,5.0
316,IIFL,Financial Services,Credit Services,216037048320.0,0.0668,13.022,26.09,15.32,11.49,-3.75,34.79,4.13,12.0
317,ATAM,Unknown,Unknown,,0.0644,18.14,54.51,4.61,27.16,-4.76,9.25,0.0,
318,HIMATSEIDE,Unknown,Unknown,,0.0609,16.448,60.36,0.17,27.3,3.11,0.38,0.0,
319,BCLIND,Unknown,Unknown,,0.0609,16.448,60.36,0.17,27.3,3.11,0.38,0.0,
320,AARTIDRUGS,Healthcare,Drug Manufacturers - Specialty & Generic,34326646784.0,0.0587,9.276,33.85,7.14,10.7,-7.31,22.59,10.69,4.0
321,IGL,Utilities,Utilities - Regulated Gas,227500244992.0,0.0583,5.811999999999999,29.41,1.39,8.76,1.8,4.67,15.17,1.0
322,DBREALTY,Real Estate,Real Estate - Development,60364451840.0,0.0565,14.248,26.61,9.85,17.18,-13.83,15.25,9.07,6.0
323,AFCONS,Industrials,Engineering & Construction,116036050944.0,0.0502,11.852,50.04,1.19,18.96,-6.2,3.14,8.06,7.0
324,BHARATWIRE,Unknown,Unknown,,0.0476,19.282,60.64,-2.69,33.93,-2.6,-4.81,0.0,
325,BFINVEST,Unknown,Unknown,,0.0447,15.61,55.34,5.92,22.07,-3.75,14.84,0.0,
326,AJANTPHARM,Healthcare,Drug Manufacturers - Specialty & Generic,376955764736.0,0.0423,8.322,21.67,11.73,6.05,-9.32,42.01,10.69,4.0
327,FDC,Healthcare,Drug Manufacturers - Specialty & Generic,64065765376.0,0.0408,10.108,29.31,10.72,9.7,-15.92,32.4,10.69,4.0
328,JAICORPLTD,Basic Materials,Specialty Chemicals,19889981440.0,0.0404,10.54,40.85,-0.17,17.68,-1.58,-0.39,9.84,5.0
329,ASAHIINDIA,Consumer Cyclical,Auto Parts,224820297728.0,0.04,11.7,36.03,9.27,13.32,-8.57,25.07,6.62,9.0
330,ARVINDFASN,Consumer Cyclical,Apparel Manufacturing,60552392704.0,0.0388,11.37,41.48,3.78,16.43,-1.27,9.54,6.62,9.0
331,EQUITASBNK,Financial Services,Banks - Regional,85756272640.0,0.0377,17.368,15.23,28.15,10.18,-30.36,42.1,4.13,12.0
332,GANECOS,Consumer Cyclical,Textile Manufacturing,24772958208.0,0.0363,13.11,46.87,-8.94,27.81,10.41,-15.07,6.62,9.0
333,BALRAMCHIN,Consumer Defensive,Confectioners,113439924224.0,0.0358,9.908,42.55,2.45,14.88,1.65,7.01,7.34,8.0
334,FIEMIND,Consumer Cyclical,Auto Parts,60477317120.0,0.0332,11.014,36.87,5.98,14.37,-2.14,15.34,6.62,9.0
335,ASTEC,Unknown,Unknown,,0.0237,18.882,41.31,6.78,26.95,-7.7,10.39,0.0,
336,EMBASSY,Unknown,Unknown,350644862976.0,0.0229,8.418,49.37,6.39,9.77,-5.37,32.29,5.75,10.0
337,IRISDOREME,Unknown,Unknown,,0.0203,15.144,49.61,5.97,21.26,-2.43,13.93,0.0,
338,GESHIP,Industrials,Marine Shipping,205898809344.0,0.0188,9.918,30.83,6.12,12.45,-2.14,15.16,8.06,7.0
339,BASML,Unknown,Unknown,,0.0186,17.445999999999998,45.05,10.18,22.29,-12.83,20.57,0.0,
340,GMRAIRPORT,Industrials,Airports & Air Services,1083456552960.0,0.0185,9.942,28.51,9.3,10.37,-6.86,25.57,8.06,7.0
341,ASAHISONG,Unknown,Unknown,,0.0156,16.69,34.65,12.22,19.67,-7.43,21.53,0.0,
342,IKIO,Unknown,Unknown,,0.0155,16.14,42.68,10.02,20.22,-8.1,21.15,0.0,
343,AVTNPL,Unknown,Unknown,,0.0148,14.756,58.34,7.4,19.66,-10.87,21.96,0.0,
344,GANDHITUBE,Unknown,Unknown,,0.0148,14.756,58.34,7.4,19.66,-10.87,21.96,0.0,
345,GICRE,Financial Services,Insurance - Reinsurance,680707227648.0,0.0135,9.252,55.7,2.67,13.64,1.2,10.9,4.13,12.0
346,BALMLAWRIE,Industrials,Conglomerates,29587085312.0,0.0115,9.116,42.21,4.67,12.08,-6.39,16.32,8.06,7.0
347,AFFLE,Communication Services,Advertising Agencies,211270336512.0,0.0114,11.636,43.21,6.47,15.08,-4.79,18.54,4.24,11.0
348,HEMIPROP,Real Estate,Real Estate - Diversified,40767131648.0,0.0106,10.002,19.62,12.69,8.21,-10.98,30.33,9.07,6.0
349,ABCAPITAL,Financial Services,Financial Conglomerates,921166872576.0,0.0097,11.936,46.09,6.35,15.66,-7.18,18.69,4.13,12.0
350,63MOONS,Technology,Software - Application,30063941632.0,0.0084,5.683999999999999,25.2,-7.0,14.14,11.56,-12.48,14.95,2.0
351,BAHETI,Unknown,Unknown,,0.004,13.425999999999998,40.7,12.67,13.93,-7.49,37.01,0.0,
352,AARTIIND,Basic Materials,Specialty Chemicals,159710199808.0,0.0013,9.684,35.1,1.59,15.08,-4.41,3.7,9.84,5.0
353,AGARWALEYE,Healthcare,Medical Instruments & Supplies,142166900736.0,-0.0014,7.377999999999999,38.03,4.06,9.59,-8.31,16.1,10.69,4.0
354,EPL,Consumer Cyclical,Packaging & Containers,69401395200.0,-0.0017,9.483999999999998,45.8,-0.65,16.24,3.16,-1.83,6.62,9.0
355,EMAMIPAP,Unknown,Unknown,,-0.002,15.164,35.74,17.45,13.64,-17.82,45.73,0.0,
356,CHEMFAB,Unknown,Unknown,,-0.0027,15.348,37.58,10.47,18.6,-5.98,21.16,0.0,
357,HPAL,Unknown,Unknown,,-0.0032,16.438000000000002,38.08,5.53,23.71,-0.99,8.88,0.0,
358,ASHIMASYN,Unknown,Unknown,,-0.0032,16.438000000000002,38.08,5.53,23.71,-0.99,8.88,0.0,
359,HAL,Industrials,Aerospace & Defense,2851522740224.0,-0.0037,8.892,46.09,-0.03,14.84,-1.23,-0.09,8.06,7.0
360,GRAVITA,Industrials,Metal Fabrication,115592175616.0,-0.0049,9.312,32.88,4.59,12.46,-2.7,12.11,8.06,7.0
361,AUSOMENT,Unknown,Unknown,,-0.0054,19.986000000000004,48.55,0.81,32.77,-10.52,1.2,0.0,
362,ASAL,Unknown,Unknown,,-0.0055,15.294,43.48,8.55,19.79,-7.05,18.78,0.0,
363,AWFIS,Industrials,Rental & Leasing Services,21247109120.0,-0.006,11.77,44.57,-9.17,25.73,5.29,-15.88,8.06,7.0
364,ELECTCAST,Industrials,Building Products & Equipment,45275836416.0,-0.0061,11.986,37.21,-3.29,22.17,-0.02,-5.52,8.06,7.0
365,BGRENERGY,Industrials,Engineering & Construction,25216858112.0,-0.0073,11.54,30.48,3.2,17.1,-4.9,5.7,8.06,7.0
366,GARFIBRES,Consumer Cyclical,Textile Manufacturing,68324683776.0,-0.0079,10.444,31.06,7.69,12.28,-5.99,19.45,6.62,9.0
367,FEDERALBNK,Financial Services,Banks - Regional,776724348928.0,-0.0079,9.578,39.12,7.04,11.27,-0.96,24.44,4.13,12.0
368,INDIANB,Financial Services,Banks - Regional,1178526154752.0,-0.0085,9.972,45.9,5.13,13.2,-2.58,17.84,4.13,12.0
369,APLLTD,Healthcare,Drug Manufacturers - Specialty & Generic,143785918464.0,-0.0116,6.671999999999999,35.89,0.75,10.62,0.34,2.53,10.69,4.0
370,ESAFSFB,Unknown,Unknown,,-0.0117,16.37,29.02,21.32,13.07,-23.47,47.34,0.0,
371,BANSWRAS,Unknown,Unknown,,-0.0149,14.498,43.63,9.26,17.99,-7.91,22.46,0.0,
372,GODFRYPHLP,Consumer Defensive,Tobacco,353017921536.0,-0.0151,12.244,26.26,7.0,15.74,-8.99,11.68,7.34,8.0
373,EXPLEOSOL,Unknown,Unknown,,-0.0157,14.092,52.28,6.34,19.26,-7.54,17.21,0.0,
374,FAZE3Q,Unknown,Unknown,,-0.0157,14.092,52.28,6.34,19.26,-7.54,17.21,0.0,
375,CLEAN,Basic Materials,Specialty Chemicals,81571831808.0,-0.0171,8.318,23.85,7.91,8.59,-7.85,21.97,9.84,5.0
376,JAGRAN,Unknown,Unknown,,-0.0182,14.407999999999998,62.7,-1.57,25.06,-1.22,-3.93,0.0,
377,ARFIN,Unknown,Unknown,,-0.0182,14.407999999999998,62.7,-1.57,25.06,-1.22,-3.93,0.0,
378,NITINSPIN,Consumer Cyclical,Textile Manufacturing,30302580736.0,-0.019,9.116,42.21,4.67,12.08,-6.39,16.32,6.62,9.0
379,FINEORG,Basic Materials,Specialty Chemicals,145248567296.0,-0.0194,7.377999999999999,38.03,4.06,9.59,-8.31,16.1,9.84,5.0
380,BASF,Basic Materials,Specialty Chemicals,145357504512.0,-0.0194,7.377999999999999,38.03,4.06,9.59,-8.31,16.1,9.84,5.0
381,JGCHEM,Unknown,Unknown,,-0.0204,16.212,45.29,7.62,21.94,-11.2,15.73,0.0,
382,HATHWAY,Communication Services,Entertainment,19152529408.0,-0.0265,10.648,39.92,3.58,15.36,-0.19,9.3,4.24,11.0
383,JINDRILL,Unknown,Unknown,,-0.0274,15.676000000000002,17.96,21.67,11.68,-14.43,33.33,0.0,
384,ASTRAZEN,Healthcare,Drug Manufacturers - Specialty & Generic,211324993536.0,-0.028,6.112,25.27,6.31,5.98,-5.9,26.67,10.69,4.0
385,DBEIL,Unknown,Unknown,,-0.0285,15.966,35.11,12.51,18.27,-13.07,24.04,0.0,
386,CUB,Financial Services,Banks - Regional,190528389120.0,-0.0288,6.158,55.84,4.43,7.31,-3.49,33.84,4.13,12.0
387,AUTOIND,Unknown,Unknown,,-0.0333,17.306,24.01,21.68,14.39,-24.23,36.17,0.0,
388,AURUM,Unknown,Unknown,,-0.0352,12.086,40.75,6.08,16.09,2.94,15.4,0.0,
389,CREST,Unknown,Unknown,,-0.0388,12.41,49.49,2.57,18.97,2.22,6.7,0.0,
390,GRSE,Industrials,Aerospace & Defense,306151686144.0,-0.0414,9.557999999999998,31.55,-1.56,16.97,2.48,-2.9,8.06,7.0
391,INDHOTEL,Consumer Cyclical,Lodging,949002240000.0,-0.0419,8.008,37.81,4.0,10.68,-2.71,14.16,6.62,9.0
392,BEACON,Unknown,Unknown,,-0.0421,14.978,37.54,2.42,23.35,2.45,3.89,0.0,
393,DEVIT,Unknown,Unknown,,-0.0421,14.978,37.54,2.42,23.35,2.45,3.89,0.0,
394,GINNIFILA,Unknown,Unknown,,-0.0434,16.188,42.99,2.64,25.22,-4.86,4.5,0.0,
395,BUTTERFLY,Unknown,Unknown,,-0.0448,14.74,36.38,11.62,16.82,-11.98,25.14,0.0,
396,ARMANFIN,Unknown,Unknown,,-0.0459,15.506,40.18,10.97,18.53,-15.55,23.79,0.0,
397,DMART,Consumer Defensive,Discount Stores,2668925812736.0,-0.0487,6.351999999999999,53.17,-5.9,14.52,8.9,-21.6,7.34,8.0
398,ETERNAL,Consumer Cyclical,Internet Retail,2258479349760.0,-0.0499,8.626,34.0,1.75,13.21,1.41,4.5,6.62,9.0
399,BIOFILCHEM,Unknown,Unknown,,-0.0552,16.942,26.8,8.77,22.39,-7.42,10.5,0.0,
400,DCXINDIA,Industrials,Aerospace & Defense,21160079360.0,-0.0606,9.59,26.67,0.59,15.59,-0.87,1.01,8.06,7.0
401,ATUL,Basic Materials,Specialty Chemicals,195905437696.0,-0.0614,6.542,27.66,4.52,7.89,-6.35,15.84,9.84,5.0
402,HINDCON,Unknown,Unknown,,-0.0622,15.058,40.32,4.33,22.21,-5.53,7.86,0.0,
403,BHARATGEAR,Unknown,Unknown,,-0.0642,14.52,40.63,8.94,18.24,-12.51,19.92,0.0,
404,DHAMPURSUG,Unknown,Unknown,,-0.0659,12.797999999999998,46.14,2.64,19.57,-0.84,6.22,0.0,
405,BEML,Industrials,Conglomerates,146938445824.0,-0.0664,7.882,30.48,-0.56,13.51,2.66,-1.26,8.06,7.0
406,IRB,Industrials,Infrastructure Operations,247719788544.0,-0.0688,6.845999999999999,36.37,-0.06,11.45,0.88,-0.19,8.06,7.0
407,GGBL,Unknown,Unknown,,-0.0738,17.012,34.17,7.55,23.32,-13.52,11.06,0.0,
408,CCL,Consumer Defensive,Packaged Foods,153206095872.0,-0.0738,6.836,34.38,0.38,11.14,2.81,1.17,7.34,8.0
409,ADSL,Unknown,Unknown,,-0.0739,14.12,36.05,5.54,19.84,-3.91,10.07,0.0,
410,CAPTRUST,Unknown,Unknown,,-0.0741,13.46,41.0,6.11,18.36,-6.5,13.64,0.0,
411,ATLASCYCLE,Unknown,Unknown,,-0.0769,13.468,37.9,1.96,21.14,2.0,3.51,0.0,
412,INDTERRAIN,Unknown,Unknown,,-0.0778,12.528,37.79,5.67,17.1,-1.71,12.53,0.0,
413,HIKAL,Healthcare,Drug Manufacturers - Specialty & Generic,22356893696.0,-0.0782,7.328,18.42,4.55,9.18,-6.7,9.13,10.69,4.0
414,GOACARBON,Unknown,Unknown,,-0.0793,14.188,44.42,5.2,20.18,-9.86,11.45,0.0,
415,BIKAJI,Consumer Defensive,Packaged Foods,163693248512.0,-0.0815,5.98,40.19,-0.23,10.12,1.76,-0.91,7.34,8.0
416,DHARMAJ,Unknown,Unknown,,-0.0829,12.746,47.93,4.4,18.31,-7.51,11.52,0.0,
417,BRIGHOTEL,Consumer Cyclical,Lodging,23979460608.0,-0.0847,6.187999999999999,47.4,-4.33,13.2,6.61,-15.55,6.62,9.0
418,DRREDDY,Healthcare,Drug Manufacturers - Specialty & Generic,1056284344320.0,-0.0851,5.712,11.67,9.57,3.14,-10.75,35.56,10.69,4.0
419,ENDURANCE,Consumer Cyclical,Auto Parts,354189049856.0,-0.0867,9.212,23.49,11.12,7.94,-16.54,32.9,6.62,9.0
420,IGARASHI,Unknown,Unknown,,-0.0879,13.63,37.83,6.43,18.43,-7.39,13.2,0.0,
421,IDFCFIRSTB,Financial Services,Banks - Regional,634537902080.0,-0.0889,9.508,23.86,10.39,8.92,-8.16,27.79,4.13,12.0
422,GLENMARK,Healthcare,Drug Manufacturers - Specialty & Generic,623550922752.0,-0.0935,5.677999999999999,28.85,0.89,8.87,-4.93,2.89,10.69,4.0
423,DELHIVERY,Industrials,Integrated Freight & Logistics,328986460160.0,-0.0943,6.294,34.74,0.39,10.23,-1.2,1.32,8.06,7.0
424,ERIS,Healthcare,Drug Manufacturers - Specialty & Generic,190349836288.0,-0.0953,6.042,16.68,5.85,6.17,-7.51,15.81,10.69,4.0
425,AWL,Consumer Defensive,Packaged Foods,244135739392.0,-0.0987,6.656,38.47,-1.27,11.94,0.25,-4.09,7.34,8.0
426,ENERGYDEV,Unknown,Unknown,,-0.1011,10.355999999999998,42.12,3.72,14.78,1.1,10.6,0.0,
427,EVEREADY,Industrials,Electrical Equipment & Parts,23325341696.0,-0.1025,5.627999999999999,22.91,2.01,8.04,3.76,5.73,8.06,7.0
428,AEGISVOPAK,Energy,Oil & Gas Equipment & Services,212368736256.0,-0.1042,4.762,14.07,1.75,6.77,-4.04,3.64,13.21,3.0
429,GOKEX,Consumer Cyclical,Apparel Manufacturing,49752797184.0,-0.1055,9.208,26.03,-3.44,17.64,4.51,-5.08,6.62,9.0
430,AVADHSUGAR,Unknown,Unknown,,-0.106,11.423999999999998,43.34,-0.03,19.06,3.32,-0.07,0.0,
431,INDRAMEDCO,Healthcare,Medical Care Facilities,36100825088.0,-0.1068,4.694,13.14,3.17,5.71,1.75,7.3,10.69,4.0
432,GALLANTT,Basic Materials,Steel,151633018880.0,-0.108,6.587999999999999,43.67,-22.23,25.8,19.91,-37.63,9.84,5.0
433,IPL,Basic Materials,Agricultural Inputs,18620786688.0,-0.1086,6.776,19.18,5.39,7.7,-9.35,13.42,9.84,5.0
434,BALUFORGE,Industrials,Metal Fabrication,51602616320.0,-0.109,7.832000000000001,16.74,4.49,10.06,-3.0,7.47,8.06,7.0
435,JAYSREETEA,Unknown,Unknown,,-0.1108,10.414,50.55,-2.78,19.21,5.93,-7.32,0.0,
436,IFBAGRO,Unknown,Unknown,,-0.1124,17.061999999999998,31.16,10.27,21.59,-21.55,14.82,0.0,
437,HATSUN,Consumer Defensive,Packaged Foods,203747852288.0,-0.1143,6.542,27.66,4.52,7.89,-6.35,15.84,7.34,8.0
438,HUBTOWN,Real Estate,Real Estate - Development,27983880192.0,-0.1161,5.683999999999999,25.2,-7.0,14.14,11.56,-12.48,9.07,6.0
439,ACE,Industrials,Farm & Heavy Construction Machinery,106421805056.0,-0.1167,5.806,25.95,0.52,9.33,2.0,1.45,8.06,7.0
440,AKASH,Unknown,Unknown,,-0.1178,13.33,28.56,5.2,18.75,-2.76,7.92,0.0,
441,CAPITALSFB,Unknown,Unknown,,-0.1205,10.354,39.52,8.35,11.69,-9.5,28.23,0.0,
442,BHARATFORG,Consumer Cyclical,Auto Parts,920511905792.0,-0.1241,6.960000000000001,23.94,5.79,7.74,-6.43,17.91,6.62,9.0
443,ARE&M,Industrials,Electrical Equipment & Parts,152222187520.0,-0.1291,6.644,30.89,-1.3,11.94,-2.0,-3.36,8.06,7.0
444,ARKADE,Real Estate,Real Estate - Development,20911292416.0,-0.1327,5.693999999999999,19.73,2.55,7.79,-2.91,6.46,9.07,6.0
445,CMSINFO,Industrials,Specialty Business Services,48502218752.0,-0.1328,4.776,29.07,0.39,7.7,0.82,1.47,8.06,7.0
446,GNFC,Basic Materials,Chemicals,73301360640.0,-0.1341,5.0,24.8,1.16,7.56,-4.41,3.8,9.84,5.0
447,GMRP&UI,Energy,Thermal Coal,83693838336.0,-0.1358,3.342,9.69,1.77,4.39,-2.11,3.91,13.21,3.0
448,GREENPANEL,Basic Materials,Lumber & Wood Production,24114675712.0,-0.1372,3.178,13.76,-0.71,5.77,10.36,-1.69,9.84,5.0
449,INDIASHLTR,Financial Services,Mortgage Finance,80522731520.0,-0.138,8.318,23.85,7.91,8.59,-7.85,21.97,4.13,12.0
450,AYMSYNTEX,Unknown,Unknown,,-0.1392,12.046,37.5,0.97,19.43,-1.42,1.87,0.0,
451,GREENLAM,Consumer Cyclical,"Furnishings, Fixtures & Appliances",59824480256.0,-0.1393,6.526,14.08,7.69,5.75,-3.9,18.82,6.62,9.0
452,INTLCONV,Unknown,Unknown,,-0.1393,11.03,34.63,7.64,13.29,-8.56,19.91,0.0,
453,DWARKESH,Unknown,Unknown,,-0.1459,10.957999999999998,37.15,0.26,18.09,2.02,0.53,0.0,
454,DODLA,Consumer Defensive,Food Distribution,65172135936.0,-0.1496,5.529999999999999,18.21,4.36,6.31,-2.08,12.58,7.34,8.0
455,DYCL,Unknown,Unknown,,-0.1504,11.3,36.32,-2.92,20.78,5.82,-5.1,0.0,
456,GSMFOILS,Unknown,Unknown,,-0.1515,10.944,20.42,12.75,9.74,-9.0,26.74,0.0,
457,HGINFRA,Industrials,Engineering & Construction,37036740608.0,-0.1559,6.715999999999999,33.39,-7.54,16.22,2.27,-15.52,8.06,7.0
458,BHARATRAS,Basic Materials,Agricultural Inputs,23404130304.0,-0.1584,5.193999999999999,14.85,1.48,7.67,-2.72,2.86,9.84,5.0
459,HARRMALAYA,Unknown,Unknown,,-0.1637,9.706,41.84,-0.89,16.77,2.06,-2.22,0.0,
460,ENTERO,Healthcare,Medical Distribution,49928404992.0,-0.1688,4.425999999999999,30.28,-8.06,12.75,1.92,-19.14,10.69,4.0
461,CREDITACC,Financial Services,Credit Services,203365629952.0,-0.1713,8.22,24.17,4.59,10.64,-6.27,10.43,4.13,12.0
462,BOSCH-HCIL,Consumer Cyclical,"Furnishings, Fixtures & Appliances",211456376832.0,-0.172,6.408,18.84,3.99,8.02,-4.87,9.37,6.62,9.0
463,IL&FSENGG,Unknown,Unknown,,-0.1739,12.762,36.67,4.86,18.03,-14.37,9.88,0.0,
464,DELTACORP,Unknown,Unknown,,-0.1744,12.704,31.51,1.58,20.12,-5.71,2.47,0.0,
465,BROOKS,Unknown,Unknown,,-0.183,12.374,14.95,11.78,12.77,-10.4,13.79,0.0,
466,DALMIASUG,Consumer Defensive,Confectioners,27167277056.0,-0.183,4.58,33.86,-11.29,15.16,12.81,-25.22,7.34,8.0
467,DCW,Unknown,Unknown,,-0.1873,10.57,25.01,5.44,13.99,-3.72,9.72,0.0,
468,GRAPHITE,Industrials,Electrical Equipment & Parts,130335055872.0,-0.1877,5.233999999999999,20.75,-0.7,9.19,-1.63,-1.58,8.06,7.0
469,AAVAS,Financial Services,Mortgage Finance,99656818688.0,-0.1879,6.288,39.79,-2.73,12.3,0.11,-8.83,4.13,12.0
470,AMBER,Consumer Cyclical,"Furnishings, Fixtures & Appliances",272478781440.0,-0.1886,5.396,12.11,4.58,5.94,-1.07,9.34,6.62,9.0
471,CLSEL,Unknown,Unknown,,-0.1893,10.55,28.89,4.61,14.51,-5.23,9.18,0.0,
472,CONSOFINVT,Unknown,Unknown,,-0.1895,9.534,18.75,11.01,8.55,-7.01,24.14,0.0,
473,ALPA,Unknown,Unknown,,-0.1905,11.27,28.74,4.88,15.53,-7.63,9.03,0.0,
474,ENIL,Unknown,Unknown,,-0.1938,7.632,37.33,0.6,12.32,3.59,1.82,0.0,
475,DIAMINESQ,Unknown,Unknown,,-0.194,8.622,43.6,-5.76,18.21,7.82,-13.79,0.0,
476,DENTALKART,Unknown,Unknown,,-0.1947,10.98,10.14,18.9,5.7,-17.95,33.61,0.0,
477,AHLUCONT,Industrials,Engineering & Construction,53435977728.0,-0.1964,3.814,27.54,-7.07,11.07,7.97,-17.59,8.06,7.0
478,ARCHIES,Unknown,Unknown,,-0.1969,8.16,25.46,7.56,8.56,-3.88,22.49,0.0,
479,AMBICAAGAR,Unknown,Unknown,,-0.1969,8.16,25.46,7.56,8.56,-3.88,22.49,0.0,
480,BLKASHYAP,Unknown,Unknown,,-0.1976,10.696,29.71,2.41,16.22,-3.74,4.41,0.0,
481,EDELWEISS,Financial Services,Financial Conglomerates,103796662272.0,-0.2014,6.066000000000001,27.41,-1.92,11.39,4.35,-4.62,4.13,12.0
482,CAMPUS,Consumer Cyclical,Footwear & Accessories,72486707200.0,-0.2022,5.0,24.8,1.16,7.56,-4.41,3.8,6.62,9.0
483,AADHARHFC,Financial Services,Mortgage Finance,204188467200.0,-0.2029,5.617999999999999,33.19,-0.22,9.51,-0.92,-0.77,4.13,12.0
484,GFLLIMITED,Unknown,Unknown,,-0.2053,8.468,34.37,2.03,12.76,-1.17,5.47,0.0,
485,COASTCORP,Unknown,Unknown,,-0.2057,13.664,44.69,-3.31,24.98,-13.48,-5.92,0.0,
486,BSHSL,Unknown,Unknown,,-0.2066,5.286,39.85,4.32,5.93,-3.53,29.03,0.0,
487,AFSL,Unknown,Unknown,,-0.2066,5.286,39.85,4.32,5.93,-3.53,29.03,0.0,
488,360ONE,Financial Services,Asset Management,436973076480.0,-0.2087,6.268000000000001,19.63,6.82,5.9,-8.84,22.7,4.13,12.0
489,CHALET,Consumer Cyclical,Lodging,166347931648.0,-0.213,4.124,22.63,0.14,6.78,-0.28,0.47,6.62,9.0
490,INDIGO,Industrials,Airlines,1754497155072.0,-0.2133,3.446,13.19,0.74,5.25,1.78,1.86,8.06,7.0
491,COMPUSOFT,Unknown,Unknown,,-0.2172,8.872,24.01,5.47,11.14,-3.21,11.79,0.0,
492,AJMERA,Real Estate,Real Estate - Development,23306508288.0,-0.22,2.9799999999999995,7.44,1.18,4.18,1.86,2.1,9.07,6.0
493,BALAJEE,Unknown,Unknown,,-0.2213,9.248,43.01,-8.95,21.38,7.01,-18.0,0.0,
494,ISGEC,Industrials,Specialty Industrial Machinery,66194944000.0,-0.2298,3.3,22.93,-9.03,11.52,9.63,-17.98,8.06,7.0
495,BSL,Unknown,Unknown,,-0.234,9.012,25.48,5.79,11.16,-7.67,13.22,0.0,
496,IEX,Financial Services,Capital Markets,106769391616.0,-0.2369,6.242,22.23,3.11,8.33,-6.99,8.3,4.13,12.0
497,AIIL,Financial Services,Capital Markets,399730442240.0,-0.2386,7.016,20.33,-0.43,11.98,-2.17,-0.73,4.13,12.0
498,EIMCOELECO,Unknown,Unknown,,-0.2422,7.618,32.95,0.1,12.63,0.06,0.26,0.0,
499,DVL,Unknown,Unknown,,-0.2422,7.618,32.95,0.1,12.63,0.06,0.26,0.0,
500,DBOL,Unknown,Unknown,,-0.2449,8.302,26.57,-0.68,14.29,2.81,-1.26,0.0,
501,GOPAL,Consumer Defensive,Packaged Foods,35187208192.0,-0.2456,4.264,6.72,6.79,2.58,-9.7,17.69,7.34,8.0
502,DLF,Real Estate,Real Estate - Development,1423675490304.0,-0.248,2.264,14.29,-1.3,4.64,-0.13,-4.0,9.07,6.0
503,DCMSRIND,Unknown,Unknown,,-0.2483,9.706,12.68,3.31,13.97,1.12,3.0,0.0,
504,IMAGICAA,Communication Services,Entertainment,24258480128.0,-0.2499,5.223999999999999,30.15,-4.91,11.98,2.76,-12.36,4.24,11.0
505,GATEWAY,Industrials,Integrated Freight & Logistics,28964354048.0,-0.2502,2.4519999999999995,12.46,-0.2,4.22,1.23,-0.59,8.06,7.0
506,DDEVPLSTIK,Basic Materials,Specialty Chemicals,26196152320.0,-0.2503,1.9020000000000008,-5.8,8.73,-2.65,-6.52,19.12,9.84,5.0
507,EKC,Unknown,Unknown,,-0.2508,8.829999999999998,29.06,1.78,13.53,-5.06,3.82,0.0,
508,HITECH,Unknown,Unknown,,-0.2511,7.903999999999999,28.2,-0.67,13.62,2.05,-1.39,0.0,
509,ARIHANTSUP,Unknown,Unknown,,-0.2516,8.378,23.06,3.5,11.63,-2.96,6.94,0.0,
510,EXCELINDUS,Unknown,Unknown,,-0.2516,8.378,23.06,3.5,11.63,-2.96,6.94,0.0,
511,HOMEFIRST,Financial Services,Mortgage Finance,112825597952.0,-0.2517,4.636,24.39,-3.65,10.16,5.72,-8.76,4.13,12.0
512,JFLLIFE,Unknown,Unknown,,-0.2539,6.448,2.64,14.02,1.4,-2.05,26.47,0.0,
513,DCMSHRIRAM,Industrials,Conglomerates,158748688384.0,-0.257,1.629999999999999,32.07,-10.94,10.01,10.86,-35.05,8.06,7.0
514,BHARATSE,Unknown,Unknown,,-0.2575,8.768,15.01,8.27,9.1,-7.11,13.64,0.0,
515,GILLANDERS,Unknown,Unknown,,-0.2602,8.1,26.05,3.24,11.34,-5.06,7.44,0.0,
516,INDUSINDBK,Financial Services,Banks - Regional,718983659520.0,-0.2684,4.788,7.25,8.49,2.32,-8.77,26.51,4.13,12.0
517,ALEMBICLTD,Real Estate,Real Estate - Development,22270689280.0,-0.2699,1.39,11.86,-2.39,3.91,2.57,-7.25,9.07,6.0
518,CPCAP,Unknown,Unknown,,-0.2702,6.603999999999999,22.34,2.77,9.16,0.65,6.75,0.0,
519,HERITGFOOD,Consumer Defensive,Packaged Foods,29680801792.0,-0.2705,2.112,24.06,-8.94,9.48,9.51,-22.69,7.34,8.0
520,INFY,Technology,Information Technology Services,4778568450048.0,-0.2711,-2.2880000000000003,-8.98,-1.52,-2.8,5.47,-4.87,14.95,2.0
521,FIVESTAR,Financial Services,Credit Services,127207727104.0,-0.2716,4.433999999999999,31.94,-9.06,13.43,7.92,-21.55,4.13,12.0
522,CARRARO,Consumer Cyclical,Auto Parts,29585541120.0,-0.2737,3.928,17.09,-3.29,8.74,0.16,-6.43,6.62,9.0
523,DBL,Industrials,Engineering & Construction,70907166720.0,-0.2754,1.65,11.79,-2.25,4.25,3.82,-6.24,8.06,7.0
524,IREDA,Financial Services,Credit Services,344046567424.0,-0.2764,4.908,38.02,-8.31,13.72,1.66,-23.03,4.13,12.0
525,ASALCBR,Unknown,Unknown,,-0.2767,6.698,38.2,-6.55,15.53,5.75,-16.11,0.0,
526,CARERATING,Financial Services,Financial Data & Stock Exchanges,48829890560.0,-0.2775,4.3,12.41,4.48,4.18,-4.24,13.3,4.13,12.0
527,GENESYS,Unknown,Unknown,,-0.2815,7.496,9.35,7.91,7.22,-2.45,10.24,0.0,
528,IRCON,Industrials,Engineering & Construction,128182878208.0,-0.2838,1.5979999999999994,17.74,-8.44,8.29,8.96,-18.06,8.06,7.0
529,INDUSTOWER,Communication Services,Telecom Services,1106037440512.0,-0.2844,4.456,3.26,9.82,0.88,-11.87,36.42,4.24,11.0
530,ATLANTAA,Unknown,Unknown,,-0.2867,7.884,17.29,5.13,9.72,-5.64,9.12,0.0,
531,APOLLOPIPE,Industrials,Building Products & Equipment,22036537344.0,-0.2912,1.39,11.86,-2.39,3.91,2.57,-7.25,8.06,7.0
532,BLS,Industrials,Specialty Business Services,108662439936.0,-0.2913,1.493999999999999,13.53,-6.72,6.97,7.57,-13.05,8.06,7.0
533,CROMPTON,Consumer Cyclical,"Furnishings, Fixtures & Appliances",170229563392.0,-0.2926,2.002,9.74,-0.02,3.35,2.06,-0.06,6.62,9.0
534,CIEINDIA,Consumer Cyclical,Auto Parts,167071186944.0,-0.2926,2.002,9.74,-0.02,3.35,2.06,-0.06,6.62,9.0
535,GUJAPOLLO,Unknown,Unknown,,-0.2962,6.027999999999999,28.68,-3.86,12.62,5.77,-8.77,0.0,
536,GREENPOWER,Unknown,Unknown,,-0.2963,7.276,20.8,3.61,9.72,-5.37,7.73,0.0,
537,ATULAUTO,Unknown,Unknown,,-0.2963,7.276,20.8,3.61,9.72,-5.37,7.73,0.0,
538,DHANBANK,Unknown,Unknown,,-0.2963,7.276,20.8,3.61,9.72,-5.37,7.73,0.0,
539,GODREJPROP,Real Estate,Real Estate - Development,507354873856.0,-0.2994,1.206,9.61,-2.73,3.83,0.39,-6.85,9.07,6.0
540,INGERRAND,Industrials,Specialty Industrial Machinery,124867223552.0,-0.3007,0.9059999999999996,8.7,-2.91,3.45,5.07,-7.34,8.06,7.0
541,DEVYANI,Consumer Cyclical,Restaurants,136930287616.0,-0.3008,2.862,4.32,4.26,1.93,-5.43,9.55,6.62,9.0
542,GABRIEL,Consumer Cyclical,Auto Parts,151443816448.0,-0.3008,2.862,4.32,4.26,1.93,-5.43,9.55,6.62,9.0
543,DIGITIDE,Unknown,Unknown,,-0.302,5.856000000000001,20.76,-1.8,10.96,6.6,-3.41,0.0,
544,BIGBLOC,Unknown,Unknown,,-0.3043,6.856,7.5,10.15,4.66,-6.84,16.33,0.0,
545,ABREL,Real Estate,Real Estate Services,134772277248.0,-0.3043,0.3540000000000001,14.28,-8.67,6.37,8.96,-19.44,9.07,6.0
546,ETHOSLTD,Consumer Cyclical,Luxury Goods,64665313280.0,-0.3057,1.5459999999999994,23.2,-9.14,8.67,9.31,-24.46,6.62,9.0
547,HEIDELBERG,Basic Materials,Building Materials,33847388160.0,-0.3063,0.608,7.64,-1.42,1.96,-1.96,-5.54,9.84,5.0
548,EUREKAFORB,Consumer Cyclical,"Furnishings, Fixtures & Appliances",85049319424.0,-0.3063,1.3880000000000003,21.02,-7.39,7.24,8.29,-21.45,6.62,9.0
549,HCL-INSYS,Unknown,Unknown,,-0.3081,6.412000000000001,17.31,2.95,8.72,-1.38,5.86,0.0,
550,JIOFIN,Financial Services,Asset Management,1546521804800.0,-0.3097,3.416,10.21,3.62,3.28,-3.71,11.27,4.13,12.0
551,ASHOKA,Industrials,Engineering & Construction,34018041856.0,-0.3127,0.6879999999999997,13.7,-7.25,5.98,8.0,-16.61,8.06,7.0
552,COCHINSHIP,Industrials,Aerospace & Defense,379152007168.0,-0.3132,1.158,12.19,-5.16,5.37,3.99,-11.71,8.06,7.0
553,EMMBI,Unknown,Unknown,,-0.3134,5.504,16.13,4.22,6.36,-1.41,10.7,0.0,
554,AIRAN,Unknown,Unknown,,-0.3138,7.372,19.23,-0.08,12.34,-1.26,-0.12,0.0,
555,ELLEN,Basic Materials,Chemicals,37890535424.0,-0.3144,-0.0859999999999998,3.87,-2.96,1.83,3.04,-6.27,9.84,5.0
556,GPPL,Industrials,Marine Shipping,74637975552.0,-0.3192,1.106,-0.03,2.78,-0.01,-3.04,8.3,8.06,7.0
557,DAMCAPITAL,Unknown,Unknown,,-0.3193,5.884,25.16,-3.77,12.32,4.54,-7.7,0.0,
558,CYIENT,Industrials,Conglomerates,95450259456.0,-0.3214,1.036,13.84,-4.85,4.96,2.18,-13.53,8.06,7.0
559,GOCOLORS,Consumer Cyclical,Apparel Retail,20565028864.0,-0.3217,1.39,11.86,-2.39,3.91,2.57,-7.25,6.62,9.0
560,APEX,Unknown,Unknown,,-0.3232,7.691999999999999,25.65,-10.11,19.56,7.13,-13.26,0.0,
561,BBTC,Consumer Defensive,Packaged Foods,106555645952.0,-0.3238,0.8739999999999999,-1.28,2.8,-0.41,-0.18,8.76,7.34,8.0
562,ASIANHOTNR,Unknown,Unknown,,-0.327,6.744,13.45,7.11,6.5,-9.58,14.71,0.0,
563,ASPIRE,Unknown,Unknown,,-0.3274,7.681999999999999,30.61,-5.98,16.79,-1.77,-10.9,0.0,
564,INSPIRE,Unknown,Unknown,,-0.3274,7.681999999999999,30.61,-5.98,16.79,-1.77,-10.9,0.0,
565,BIRLAMONEY,Unknown,Unknown,,-0.328,5.505999999999999,29.51,-6.23,13.33,5.92,-13.79,0.0,
566,DONEAR,Unknown,Unknown,,-0.3297,5.958,19.93,2.76,8.09,-4.85,6.8,0.0,
567,ABLBL,Consumer Cyclical,Apparel Retail,119921238016.0,-0.3312,0.9059999999999996,8.7,-2.91,3.45,5.07,-7.34,6.62,9.0
568,HINDZINC,Basic Materials,Other Industrial Metals & Mining,2381601046528.0,-0.3323,1.4480000000000002,5.92,-0.43,2.7,-9.33,-0.94,9.84,5.0
569,INOXWIND,Industrials,Specialty Industrial Machinery,148870397952.0,-0.3343,0.4919999999999999,6.25,-2.31,2.36,1.79,-6.11,8.06,7.0
570,DEN,Unknown,Unknown,,-0.3357,4.84,21.41,1.66,6.96,-1.8,5.11,0.0,
571,FOODSIN,Unknown,Unknown,,-0.3391,5.808,19.43,-1.95,10.98,2.24,-3.45,0.0,
572,GILLETTE,Consumer Defensive,Household & Personal Products,249521291264.0,-0.3401,1.1800000000000002,2.05,2.14,0.54,-4.55,8.11,7.34,8.0
573,ACL,Unknown,Unknown,,-0.3402,5.5680000000000005,20.59,0.72,8.8,-2.18,1.68,0.0,
574,DMCC,Unknown,Unknown,,-0.3407,7.323999999999998,27.95,-6.56,16.58,-0.41,-11.06,0.0,
575,HINDCOPPER,Basic Materials,Copper,502465658880.0,-0.3427,-0.572,-0.03,-1.4,-0.02,-0.14,-2.12,9.84,5.0
576,AAREYDRUGS,Unknown,Unknown,,-0.3436,5.747999999999999,21.24,-5.76,13.42,6.34,-9.12,0.0,
577,AKG,Unknown,Unknown,,-0.3438,5.744,18.86,1.61,8.5,-3.63,3.57,0.0,
578,ASHOKAMET,Unknown,Unknown,,-0.3438,5.744,18.86,1.61,8.5,-3.63,3.57,0.0,
579,HIGREEN,Unknown,Unknown,,-0.3467,4.751999999999999,15.83,-3.78,10.44,8.92,-5.73,0.0,
580,BAJAJHFL,Financial Services,Mortgage Finance,699774140416.0,-0.347,1.594,22.04,-4.07,5.37,3.95,-16.7,4.13,12.0
581,AUBANK,Financial Services,Banks - Regional,732269051904.0,-0.3485,2.1099999999999994,17.48,-3.05,5.55,2.26,-9.61,4.13,12.0
582,INDIQUBE,Real Estate,Real Estate Services,33306947584.0,-0.35,-0.606,-1.78,-0.45,-0.71,1.01,-1.13,9.07,6.0
583,DCI,Unknown,Unknown,,-0.3505,6.836,25.71,-3.1,13.46,-4.27,-5.92,0.0,
584,DCBBANK,Financial Services,Banks - Regional,57199910912.0,-0.3506,1.8960000000000004,18.43,-6.3,7.36,7.13,-15.78,4.13,12.0
585,INDBANK,Unknown,Unknown,,-0.3508,4.666,13.76,2.11,6.37,0.68,4.56,0.0,
586,COMSYN,Unknown,Unknown,,-0.3509,4.57,17.07,2.47,5.97,-2.04,7.06,0.0,
587,HARSHA,Industrials,Tools & Accessories,36048912384.0,-0.3521,-0.0859999999999998,3.87,-2.96,1.83,3.04,-6.27,8.06,7.0
588,BAYERCROP,Basic Materials,Agricultural Inputs,192001622016.0,-0.3525,-0.8,9.16,-5.21,2.14,2.42,-22.3,9.84,5.0
589,BLAL,Unknown,Unknown,,-0.353,4.302,23.25,-0.27,7.35,-0.37,-0.85,0.0,
590,ALKEM,Healthcare,Drug Manufacturers - Specialty & Generic,640330366976.0,-0.3541,-0.8780000000000001,1.12,-2.63,0.29,-1.11,-10.12,10.69,4.0
591,DOLLEX,Unknown,Unknown,,-0.3551,5.242000000000001,3.54,10.63,1.65,-9.37,22.8,0.0,
592,AGNI,Unknown,Unknown,,-0.356,4.465999999999999,28.05,-7.99,12.77,8.49,-17.55,0.0,
593,AVG,Unknown,Unknown,,-0.3562,5.851999999999999,22.55,-7.42,14.7,5.82,-11.38,0.0,
594,CNL,Unknown,Unknown,,-0.3569,4.738,7.28,7.75,2.73,-6.64,20.67,0.0,
595,BRNL,Unknown,Unknown,,-0.3582,5.472,25.57,-4.02,11.8,0.24,-8.71,0.0,
596,CCAVENUE,Technology,Software - Infrastructure,47689969664.0,-0.3619,-4.454,-17.74,-1.31,-6.55,2.96,-3.55,14.95,2.0
597,BIRET,Unknown,Unknown,218665304064.0,-0.3624,0.8999999999999999,-2.19,2.88,-0.42,-1.91,15.0,5.75,10.0
598,ACI,Basic Materials,Chemicals,67198402560.0,-0.3632,-1.6960000000000002,7.28,-8.08,2.56,7.99,-22.97,9.84,5.0
599,GOKUL,Unknown,Unknown,,-0.3636,5.348000000000001,13.38,2.87,7.0,-4.01,5.49,0.0,
600,CAPACITE,Industrials,Engineering & Construction,18656882688.0,-0.3636,-0.33,8.28,-7.35,4.35,6.18,-14.0,8.06,7.0
601,AARVI,Unknown,Unknown,,-0.364,4.5840000000000005,13.25,3.3,5.44,-2.89,8.04,0.0,
602,GODREJAGRO,Consumer Defensive,Packaged Foods,109356638208.0,-0.3652,-0.2500000000000001,2.35,-1.75,0.75,3.15,-5.48,7.34,8.0
603,CRIZAC,Consumer Defensive,Education & Training Services,37141782528.0,-0.3673,-0.0859999999999998,3.87,-2.96,1.83,3.04,-6.27,7.34,8.0
604,BAJAJHLDNG,Financial Services,Asset Management,1141092384768.0,-0.3684,1.848,5.25,2.55,1.38,-3.35,9.69,4.13,12.0
605,GICHSGFIN,Unknown,Unknown,,-0.3697,3.254,20.31,0.2,5.29,1.01,0.77,0.0,
606,IRCTC,Consumer Cyclical,Travel Services,414279991296.0,-0.3805,-0.688,-1.11,-1.27,-0.3,5.75,-4.71,6.62,9.0
607,DYNAMATECH,Consumer Cyclical,Auto Parts,68851646464.0,-0.3816,0.8519999999999999,8.63,-4.68,4.54,0.22,-8.9,6.62,9.0
608,ELGIRUBCO,Unknown,Unknown,,-0.3822,4.44,14.96,-5.16,10.84,7.0,-7.12,0.0,
609,HDFCAMC,Financial Services,Asset Management,1073047666688.0,-0.3842,1.86,15.58,-3.81,5.64,-0.08,-10.52,4.13,12.0
610,DRCSYSTEMS,Unknown,Unknown,,-0.3871,3.832,24.37,-6.86,10.96,6.09,-15.25,0.0,
611,GPTINFRA,Unknown,Unknown,,-0.3921,3.716,12.65,1.31,5.32,-0.81,3.12,0.0,
612,GIPCL,Utilities,Utilities - Regulated Electric,25809305600.0,-0.3933,-5.1240000000000006,-23.43,0.15,-8.64,0.4,0.41,15.17,1.0
613,IRFC,Financial Services,Credit Services,1254707298304.0,-0.3988,0.762,12.66,-4.89,4.53,4.59,-13.67,4.13,12.0
614,HYUNDAI,Consumer Cyclical,Auto Manufacturers,1542690570240.0,-0.4,0.1880000000000001,-17.36,7.94,-4.98,-7.71,27.68,6.62,9.0
615,ATL,Unknown,Unknown,,-0.401,3.866,19.3,-4.33,9.33,2.67,-8.96,0.0,
616,BHARTIARTL,Communication Services,Telecom Services,10958557675520.0,-0.4021,0.992,-0.29,2.57,-0.06,-3.49,12.23,4.24,11.0
617,BAWEJA,Unknown,Unknown,,-0.4025,2.6599999999999997,15.4,-11.77,12.28,18.16,-14.76,0.0,
618,INTERARCH,Industrials,Engineering & Construction,28899579904.0,-0.4035,-2.28,6.78,-10.62,3.28,12.28,-21.94,8.06,7.0
619,AAATECH,Unknown,Unknown,,-0.4081,3.374,17.71,-3.01,7.63,2.01,-6.99,0.0,
620,BEARDSELL,Unknown,Unknown,,-0.4081,3.374,17.71,-3.01,7.63,2.01,-6.99,0.0,
621,CANARYS,Unknown,Unknown,,-0.4081,3.374,17.71,-3.01,7.63,2.01,-6.99,0.0,
622,HPIL,Unknown,Unknown,,-0.4085,3.4339999999999997,23.13,-6.04,9.75,3.66,-14.33,0.0,
623,HUHTAMAKI,Unknown,Unknown,,-0.4088,1.894,18.39,-5.6,6.89,10.48,-14.95,0.0,
624,APS,Unknown,Unknown,,-0.4091,3.337999999999999,23.16,-11.53,13.25,11.49,-20.15,0.0,
625,ALLTIME,Unknown,Unknown,,-0.4106,3.032,10.19,-0.43,5.34,2.78,-0.82,0.0,
626,BESTAGRO,Unknown,Unknown,,-0.4111,3.474,19.12,-7.83,11.01,7.49,-13.6,0.0,
627,CHOICEIN,Financial Services,Capital Markets,145439637504.0,-0.4175,0.4919999999999999,6.25,-2.31,2.36,1.79,-6.11,4.13,12.0
628,FINPIPE,Industrials,Building Products & Equipment,106986856448.0,-0.418,-0.4119999999999999,-4.94,1.31,-1.56,-7.73,4.15,8.06,7.0
629,ECLERX,Technology,Information Technology Services,131873349632.0,-0.4192,-4.91,-11.57,-3.98,-5.53,-3.78,-8.33,14.95,2.0
630,AURIONPRO,Technology,Software - Application,42315649024.0,-0.42,-6.592,-10.24,-8.53,-5.3,7.17,-16.48,14.95,2.0
631,CSBBANK,Financial Services,Banks - Regional,59834060800.0,-0.4238,-0.4640000000000002,4.15,-4.7,2.36,8.1,-8.26,4.13,12.0
632,DOMS,Industrials,Business Equipment & Supplies,126887174144.0,-0.4238,-1.7920000000000005,12.22,-9.73,3.5,6.26,-33.96,8.06,7.0
633,GODIGIT,Financial Services,Insurance - Property & Casualty,278164242432.0,-0.4262,0.012,1.92,-0.57,0.4,1.71,-2.74,4.13,12.0
634,INDIAMART,Communication Services,Internet Content & Information,120920793088.0,-0.432,-0.2340000000000002,8.1,-3.75,2.11,3.76,-14.39,4.24,11.0
635,ANMOL,Unknown,Unknown,,-0.433,2.756,13.97,-3.22,6.74,2.52,-6.67,0.0,
636,BOROLTD,Consumer Cyclical,"Furnishings, Fixtures & Appliances",26336784384.0,-0.4335,-2.1900000000000004,5.13,-8.85,2.25,10.66,-20.18,6.62,9.0
637,JAYAGROGN,Unknown,Unknown,,-0.4338,1.56,13.43,-6.9,7.2,11.77,-12.87,0.0,
638,INDOFARM,Unknown,Unknown,,-0.4338,1.56,13.43,-6.9,7.2,11.77,-12.87,0.0,
639,JINDWORLD,Consumer Cyclical,Textile Manufacturing,29045379072.0,-0.434,-2.28,6.78,-10.62,3.28,12.28,-21.94,6.62,9.0
640,DCG,Unknown,Unknown,,-0.4348,5.241999999999999,14.3,1.24,7.91,-12.17,2.24,0.0,
641,GTPL,Unknown,Unknown,,-0.4355,3.278,13.88,-1.75,6.63,-1.66,-3.66,0.0,
642,GARUDA,Unknown,Unknown,,-0.4375,3.522,11.14,-1.35,6.77,-1.78,-2.22,0.0,
643,5PAISA,Unknown,Unknown,,-0.4387,3.188,17.19,-3.97,7.96,-0.21,-8.57,0.0,
644,GLOBALVECT,Unknown,Unknown,,-0.4412,2.419999999999999,21.95,-12.43,12.32,11.57,-22.15,0.0,
645,ICICIGI,Financial Services,Insurance - Diversified,887263657984.0,-0.4426,0.108,-1.29,0.66,-0.26,-1.81,3.26,4.13,12.0
646,EICHERMOT,Consumer Cyclical,Auto Manufacturers,1977205784576.0,-0.4439,-1.2139999999999995,-10.46,2.02,-3.37,-2.75,6.27,6.62,9.0
647,BRIGADE,Real Estate,Real Estate - Development,158881857536.0,-0.4485,-3.964,8.54,-14.26,2.9,14.89,-42.0,9.07,6.0
648,BANG,Unknown,Unknown,,-0.4491,2.39,10.58,-1.42,4.93,0.33,-3.05,0.0,
649,COLPAL,Consumer Defensive,Household & Personal Products,550335741952.0,-0.4503,-1.68,-9.61,-0.36,-2.56,-0.67,-1.35,7.34,8.0
650,HEG,Industrials,Electrical Equipment & Parts,101843894272.0,-0.4503,-2.6960000000000006,11.76,-14.93,5.46,10.83,-32.17,8.06,7.0
651,ITCHOTELS,Consumer Cyclical,Resorts & Casinos,314258620416.0,-0.4508,-1.718,-5.36,-1.64,-1.77,1.33,-4.97,6.62,9.0
652,ARCHIDPLY,Unknown,Unknown,,-0.4512,2.412,9.89,-1.11,4.76,-0.15,-2.31,0.0,
653,RADIANTCMS,Unknown,Unknown,,-0.453,2.784,20.95,-7.23,9.46,2.0,-16.01,0.0,
654,GEEKAYWIRE,Unknown,Unknown,,-0.4542,0.9620000000000006,18.19,-11.68,9.39,15.29,-22.62,0.0,
655,ITC,Consumer Defensive,Tobacco,3508251131904.0,-0.4547,-1.746,-7.68,-1.53,-1.89,0.13,-6.22,7.34,8.0
656,BDL,Industrials,Aerospace & Defense,440901402624.0,-0.4548,-3.5340000000000003,-0.16,-8.73,-0.07,9.74,-19.62,8.06,7.0
657,HILTON,Unknown,Unknown,,-0.4553,5.0280000000000005,26.51,-19.08,21.1,7.46,-23.98,0.0,
658,AMRUTANJAN,Unknown,Unknown,,-0.4555,1.846,7.81,0.82,2.53,-1.24,2.53,0.0,
659,ASTRAL,Industrials,Building Products & Equipment,409960153088.0,-0.4558,-2.054,-9.8,-0.32,-3.21,-2.7,-0.98,8.06,7.0
660,IOB,Financial Services,Banks - Regional,643747807232.0,-0.4559,-0.5379999999999999,3.71,-2.92,1.05,2.22,-10.32,4.13,12.0
661,GALAXYSURF,Basic Materials,Specialty Chemicals,61340266496.0,-0.4574,-3.1379999999999995,-16.9,0.06,-5.27,-1.83,0.19,9.84,5.0
662,GSFC,Basic Materials,Agricultural Inputs,64979734528.0,-0.4574,-3.1379999999999995,-16.9,0.06,-5.27,-1.83,0.19,9.84,5.0
663,EPACK,Consumer Cyclical,"Furnishings, Fixtures & Appliances",21799600128.0,-0.4576,-2.5780000000000003,-1.43,-5.17,-0.85,5.32,-8.68,6.62,9.0
664,FISCHER,Healthcare,Medical Devices,20427425792.0,-0.4594,-2.688,-0.18,-6.6,-0.08,-5.1,-14.8,10.69,4.0
665,EQUIPPP,Unknown,Unknown,,-0.4623,2.982,11.85,-0.18,5.09,-6.09,-0.42,0.0,
666,HBSL,Unknown,Unknown,,-0.4645,1.581999999999999,28.2,-12.56,11.01,9.11,-32.17,0.0,
667,CANFINHOME,Financial Services,Mortgage Finance,110118846464.0,-0.4649,-0.9020000000000006,12.2,-7.61,3.57,5.74,-26.01,4.13,12.0
668,AARTIPHARM,Healthcare,Drug Manufacturers - Specialty & Generic,56683757568.0,-0.465,-5.042,-10.86,-5.54,-4.71,5.53,-12.78,10.69,4.0
669,ANDHRSUGAR,Unknown,Unknown,,-0.4651,2.8259999999999987,33.48,-11.49,12.37,0.82,-31.1,0.0,
670,JINDALPHOT,Unknown,Unknown,,-0.4651,2.8259999999999987,33.48,-11.49,12.37,0.82,-31.1,0.0,
671,ALPHAGEO,Unknown,Unknown,,-0.4655,2.872,13.67,-3.41,7.06,-2.24,-6.6,0.0,
672,GHCL,Basic Materials,Chemicals,40162750464.0,-0.4685,-3.938,-1.23,-9.29,-0.37,7.09,-30.82,9.84,5.0
673,HDBFS,Financial Services,Credit Services,519671939072.0,-0.47,-0.3379999999999999,-1.21,-0.32,-0.35,-2.52,-1.11,4.13,12.0
674,DHANUKA,Basic Materials,Agricultural Inputs,49004646400.0,-0.4701,-4.454,-17.74,-1.31,-6.55,2.96,-3.55,9.84,5.0
675,FUSION,Financial Services,Credit Services,27161876480.0,-0.4715,-0.5880000000000002,2.02,-3.0,1.02,0.19,-5.93,4.13,12.0
676,ANUHPHR,Unknown,Unknown,,-0.4734,1.1760000000000002,9.95,-2.67,3.74,2.92,-7.1,0.0,
677,AFFORDABLE,Unknown,Unknown,,-0.4738,1.342,8.84,-4.25,5.07,4.96,-7.41,0.0,
678,HOACFOODS,Unknown,Unknown,,-0.4762,2.254,5.36,0.79,3.23,-3.67,1.31,0.0,
679,BPL,Unknown,Unknown,,-0.4762,2.254,5.36,0.79,3.23,-3.67,1.31,0.0,
680,HCLTECH,Technology,Information Technology Services,3101620436992.0,-0.4777,-6.526,-25.86,-4.48,-7.89,2.78,-14.68,14.95,2.0
681,ARIS,Unknown,Unknown,,-0.4798,2.184,13.73,-6.99,8.3,2.83,-11.56,0.0,
682,BALKRISIND,Consumer Cyclical,Auto Parts,411340308480.0,-0.4806,-2.296,-4.83,-3.25,-1.66,1.12,-9.46,6.62,9.0
683,IRIS,Unknown,Unknown,,-0.4829,2.73,3.34,4.59,1.49,-11.21,10.28,0.0,
684,HINDUNILVR,Consumer Defensive,Household & Personal Products,5011208667136.0,-0.4844,-2.798,-1.29,-6.56,-0.29,5.84,-29.25,7.34,8.0
685,EIFFL,Unknown,Unknown,,-0.4853,1.2259999999999995,10.93,-5.26,5.55,4.16,-10.36,0.0,
686,ABFRL,Consumer Cyclical,Apparel Manufacturing,73554182144.0,-0.4903,-1.968,-2.19,-3.54,-0.92,-2.74,-8.41,6.62,9.0
687,CHEMPLASTS,Basic Materials,Chemicals,31223476224.0,-0.4926,-5.284000000000001,-0.95,-12.4,-0.54,8.8,-21.87,9.84,5.0
688,AXISBANK,Financial Services,Banks - Regional,4019436650496.0,-0.4943,-1.546,-0.18,-3.79,-0.05,3.44,-13.36,4.13,12.0
689,IIFLCAPS,Financial Services,Capital Markets,107479384064.0,-0.5011,-0.4119999999999999,-4.94,1.31,-1.56,-7.73,4.15,4.13,12.0
690,CONCOR,Industrials,Railroads,344974852096.0,-0.5019,-3.76,-1.48,-8.77,-0.42,6.78,-30.92,8.06,7.0
691,BSOFT,Technology,Information Technology Services,89253945344.0,-0.5039,-9.66,-19.27,-11.82,-8.22,15.26,-27.71,14.95,2.0
692,CLSL,Unknown,Unknown,,-0.5043,0.0899999999999999,0.62,-0.21,0.29,2.73,-0.45,0.0,
693,BAJFINANCE,Financial Services,Credit Services,5514634723328.0,-0.5063,-1.5219999999999998,-6.51,-0.73,-2.05,-0.59,-2.32,4.13,12.0
694,DTIL,Unknown,Unknown,,-0.5069,0.2699999999999998,8.71,-4.08,3.17,3.83,-11.21,0.0,
695,AARTECH,Unknown,Unknown,,-0.5076,0.1199999999999992,14.52,-13.89,9.46,14.28,-21.32,0.0,
696,HMAAGRO,Unknown,Unknown,,-0.5078,0.098,-1.14,0.95,-0.47,1.3,2.3,0.0,
697,BHARTIHEXA,Communication Services,Telecom Services,737900036096.0,-0.5079,-1.626,-9.22,-0.36,-2.47,0.12,-1.34,4.24,11.0
698,AROGRANITE,Unknown,Unknown,,-0.508,0.5840000000000001,10.32,-6.01,4.98,4.32,-12.45,0.0,
699,GENUSPAPER,Unknown,Unknown,,-0.5113,0.2139999999999995,13.93,-9.23,6.51,8.08,-19.76,0.0,
700,CANBK,Financial Services,Banks - Regional,1247305269248.0,-0.5127,-2.824,-9.44,-2.44,-3.08,7.07,-7.48,4.13,12.0
701,GMBREW,Consumer Defensive,Beverages - Wineries & Distilleries,20430862336.0,-0.5174,-3.536,-6.14,-4.97,-2.58,0.27,-11.82,7.34,8.0
702,DOLPHIN,Unknown,Unknown,,-0.5181,0.436,0.25,0.88,0.14,-1.78,1.57,0.0,
703,DYNPRO,Unknown,Unknown,,-0.5213,0.8360000000000001,7.03,-3.43,3.68,-0.68,-6.55,0.0,
704,AARTISURF,Unknown,Unknown,,-0.5213,0.8360000000000001,7.03,-3.43,3.68,-0.68,-6.55,0.0,
705,CELLO,Consumer Cyclical,"Furnishings, Fixtures & Appliances",84212424704.0,-0.5218,-4.594,-11.06,-6.07,-3.61,10.63,-18.6,6.62,9.0
706,DOLATALGO,Unknown,Unknown,,-0.5257,-0.3800000000000001,3.89,-3.35,1.6,4.29,-8.14,0.0,
707,BANKBARODA,Financial Services,Banks - Regional,1415660437504.0,-0.5258,-2.47,-14.3,0.44,-4.41,1.73,1.43,4.13,12.0
708,GRAPHISAD,Unknown,Unknown,,-0.5285,0.9059999999999996,11.47,-7.5,6.51,1.58,-13.21,0.0,
709,ICICIBANK,Financial Services,Banks - Regional,9142831939584.0,-0.5309,-2.37,-6.63,-3.72,-1.47,4.95,-16.78,4.13,12.0
710,DENTA,Unknown,Unknown,,-0.5372,-0.516,18.51,-16.11,9.88,13.85,-30.18,0.0,
711,JAMNAAUTO,Consumer Cyclical,Auto Parts,47738523648.0,-0.5383,-3.754,-13.91,0.5,-6.59,-4.48,1.06,6.62,9.0
712,CORALFINAC,Unknown,Unknown,,-0.541,-0.8380000000000001,2.33,-3.43,0.89,4.55,-8.98,0.0,
713,GLAXO,Healthcare,Drug Manufacturers - General,371795394560.0,-0.5412,-5.518,-20.62,-6.1,-5.13,4.77,-24.52,10.69,4.0
714,AGROPHOS,Unknown,Unknown,,-0.5428,0.6119999999999999,4.26,-1.89,2.28,-4.0,-3.53,0.0,
715,BALKRISHNA,Unknown,Unknown,,-0.5428,0.6119999999999999,4.26,-1.89,2.28,-4.0,-3.53,0.0,
716,CONTROLPR,Unknown,Unknown,,-0.5432,-0.914,4.45,-4.7,1.61,5.52,-13.0,0.0,
717,ESTER,Unknown,Unknown,,-0.5432,-0.914,4.45,-4.7,1.61,5.52,-13.0,0.0,
718,HLEGLAS,Industrials,Specialty Industrial Machinery,25826744320.0,-0.5438,-5.1240000000000006,-23.43,0.15,-8.64,0.4,0.41,8.06,7.0
719,CMNL,Unknown,Unknown,,-0.5452,2.2379999999999978,23.73,-15.06,13.77,-0.46,-25.95,0.0,
720,CHOLAFIN,Financial Services,Credit Services,1274740473856.0,-0.5489,-2.656,-12.57,0.17,-4.54,-1.66,0.47,4.13,12.0
721,ALOKINDS,Consumer Cyclical,Textile Manufacturing,60129058816.0,-0.553,-4.7940000000000005,-6.66,-7.95,-2.69,6.35,-19.68,6.62,9.0
722,CENTRUM,Unknown,Unknown,,-0.5538,-0.9060000000000006,7.69,-8.4,4.09,6.89,-15.79,0.0,
723,BANKINDIA,Financial Services,Banks - Regional,672520077312.0,-0.5566,-3.556,-15.19,-0.34,-5.7,2.23,-0.91,4.13,12.0
724,CEATLTD,Consumer Cyclical,Auto Parts,126563450880.0,-0.5589,-5.37,-2.11,-12.12,-0.87,11.36,-29.36,6.62,9.0
725,BLACKBUCK,Technology,Software - Application,92741230592.0,-0.5603,-10.634,-18.73,-15.02,-7.71,15.03,-36.48,14.95,2.0
726,GSTL,Unknown,Unknown,,-0.5607,-1.032,11.33,-12.66,6.72,10.22,-21.34,0.0,
727,GSS,Unknown,Unknown,,-0.5607,-1.032,11.33,-12.66,6.72,10.22,-21.34,0.0,
728,GULFOILLUB,Basic Materials,Specialty Chemicals,45268238336.0,-0.5628,-5.442,-18.24,-4.53,-6.05,-1.65,-13.66,9.84,5.0
729,BEL,Industrials,Aerospace & Defense,3011994451968.0,-0.5681,-5.366,-19.47,-5.09,-5.55,5.24,-17.86,8.06,7.0
730,DELAPLEX,Unknown,Unknown,,-0.569,-0.9100000000000004,5.4,-7.15,3.25,3.72,-11.89,0.0,
731,EIHAHOTELS,Consumer Cyclical,Lodging,18235187200.0,-0.5718,-4.226,-11.01,-5.18,-3.59,0.52,-15.88,6.62,9.0
732,AUTOAXLES,Consumer Cyclical,Auto Parts,25563410432.0,-0.5742,-5.1240000000000006,-23.43,0.15,-8.64,0.4,0.41,6.62,9.0
733,POONAWALLA,Financial Services,Credit Services,335986917376.0,-0.5759,-4.466,-12.25,-4.1,-4.71,6.72,-10.66,4.13,12.0
734,APOLLOTYRE,Consumer Cyclical,Auto Parts,247560699904.0,-0.5761,-5.054,-18.32,-4.61,-5.35,5.97,-15.79,6.62,9.0
735,JINDALPOLY,Consumer Cyclical,Packaging & Containers,29332518912.0,-0.5803,-5.699999999999999,-11.53,-4.47,-6.52,1.17,-7.9,6.62,9.0
736,GODAVARIB,Unknown,Unknown,,-0.5819,-2.0380000000000003,7.1,-10.18,3.39,9.61,-21.32,0.0,
737,COROMANDEL,Basic Materials,Agricultural Inputs,532181647360.0,-0.5829,-7.77,-23.26,-7.86,-7.71,11.12,-23.71,9.84,5.0
738,FLAIR,Industrials,Business Equipment & Supplies,30543579136.0,-0.5847,-6.337999999999999,-12.99,-9.44,-4.27,9.11,-28.72,8.06,7.0
739,BPCL,Energy,Oil & Gas Refining & Marketing,1235204308992.0,-0.585,-8.782,-38.63,-2.11,-13.23,1.84,-6.16,13.21,3.0
740,ARIES,Unknown,Unknown,,-0.5853,-1.946,6.49,-8.75,2.59,7.68,-21.92,0.0,
741,EMSLIMITED,Unknown,Unknown,,-0.5872,-0.3820000000000014,19.74,-18.73,11.85,8.61,-31.2,0.0,
742,ESCONET,Unknown,Unknown,,-0.5905,-1.1740000000000004,6.77,-9.43,4.33,3.75,-14.73,0.0,
743,IITL,Unknown,Unknown,,-0.5906,-1.346,26.53,-22.58,12.81,14.68,-46.76,0.0,
744,IXIGO,Consumer Cyclical,Travel Services,68502573056.0,-0.591,-5.348,-5.39,-9.02,-2.9,2.13,-16.76,6.62,9.0
745,INDIANHUME,Unknown,Unknown,,-0.5911,-1.634,1.75,-5.15,0.71,2.56,-12.67,0.0,
746,EXICOM,Industrials,Electrical Equipment & Parts,20496185344.0,-0.596,-7.716,-22.47,-6.69,-8.4,11.47,-17.89,8.06,7.0
747,ACCELYA,Unknown,Unknown,,-0.5971,-1.774,-2.27,-3.43,-0.67,2.27,-11.6,0.0,
748,BIRLANU,Unknown,Unknown,,-0.5983,-2.714,-5.52,-2.45,-2.89,4.05,-4.68,0.0,
749,AHLADA,Unknown,Unknown,,-0.603,-3.624000000000001,3.51,-12.15,2.06,15.31,-20.71,0.0,
750,EFORCE,Unknown,Unknown,,-0.605,-3.9660000000000006,2.02,-12.0,1.39,15.99,-17.45,0.0,
751,DUCOL,Unknown,Unknown,,-0.6051,-3.834,-6.33,-3.81,-3.85,8.65,-6.27,0.0,
752,ACC,Basic Materials,Building Materials,248761778176.0,-0.6074,-6.126,-28.59,-4.08,-7.49,-0.15,-15.57,9.84,5.0
753,BAJAJINDEF,Unknown,Unknown,,-0.6082,-2.172,15.61,-17.4,7.98,12.17,-34.04,0.0,
754,CCHHL,Unknown,Unknown,,-0.6109,-2.0000000000000004,6.64,-8.81,2.54,4.28,-23.01,0.0,
755,GMMPFAUDLR,Industrials,Specialty Industrial Machinery,34695737344.0,-0.6117,-7.414,-18.6,-10.27,-5.51,13.84,-34.67,8.06,7.0
756,CAPLIPOINT,Healthcare,Drug Manufacturers - Specialty & Generic,171421564928.0,-0.6137,-9.616,-4.31,-19.69,-2.9,12.68,-29.24,10.69,4.0
757,IOC,Energy,Oil & Gas Refining & Marketing,1950566711296.0,-0.6173,-8.943999999999999,-44.84,-2.11,-13.5,1.46,-7.01,13.21,3.0
758,AMBUJACEM,Basic Materials,Building Materials,1033683927040.0,-0.6174,-6.872,-23.74,-5.48,-7.8,-0.56,-16.68,9.84,5.0
759,CENTEXT,Unknown,Unknown,,-0.6176,-2.68,-2.56,-4.63,-1.38,2.71,-8.58,0.0,
760,CGRAPHICS,Unknown,Unknown,,-0.6229,-2.9860000000000007,5.65,-11.56,2.73,9.3,-23.91,0.0,
761,JAIPURKURT,Unknown,Unknown,,-0.6249,-2.0620000000000003,-4.57,-0.76,-2.93,-5.05,-1.19,0.0,
762,CANTABIL,Consumer Cyclical,Apparel Manufacturing,18029852672.0,-0.6265,-7.716,-22.47,-6.69,-8.4,11.47,-17.89,6.62,9.0
763,ANDHRAPAP,Unknown,Unknown,,-0.6278,-2.358,-2.15,-5.07,-0.55,3.06,-19.84,0.0,
764,COOLCAPS,Unknown,Unknown,46952464384.0,-0.6296,-7.362,-3.6,-14.94,-2.31,12.12,-23.3,5.75,10.0
765,CUBEXTUB,Unknown,Unknown,,-0.6304,-3.458,-4.9,-3.35,-3.53,2.08,-4.65,0.0,
766,HEROMOTOCO,Consumer Cyclical,Auto Manufacturers,971531288576.0,-0.6391,-6.096,-28.35,-2.79,-8.3,2.17,-9.53,6.62,9.0
767,FELIX,Unknown,Unknown,,-0.6415,-2.648,15.0,-17.33,7.14,9.41,-36.41,0.0,
768,CRISIL,Financial Services,Financial Data & Stock Exchanges,282223345664.0,-0.6455,-5.166,-14.57,-6.69,-4.15,5.69,-23.49,4.13,12.0
769,DOLLAR,Unknown,Unknown,,-0.6521,-3.032,-4.04,-4.58,-2.0,-0.4,-9.25,0.0,
770,EIHOTEL,Consumer Cyclical,Lodging,182074769408.0,-0.6529,-7.119999999999999,-16.59,-10.03,-5.18,9.36,-32.13,6.62,9.0
771,BECTORFOOD,Consumer Defensive,Packaged Foods,52243656704.0,-0.6582,-8.784,-16.57,-12.15,-6.54,13.21,-30.78,7.34,8.0
772,DALBHARAT,Basic Materials,Building Materials,310071656448.0,-0.6615,-8.966,-21.86,-11.6,-7.21,8.94,-35.16,9.84,5.0
773,AMJLAND,Unknown,Unknown,,-0.6639,-4.62,-1.08,-10.8,-0.5,10.95,-23.43,0.0,
774,DABUR,Consumer Defensive,Household & Personal Products,755969818624.0,-0.6653,-6.236000000000001,-30.69,-3.8,-7.86,0.2,-14.84,7.34,8.0
775,EIDPARRY,Basic Materials,Agricultural Inputs,130935783424.0,-0.6658,-8.778,-22.55,-12.09,-6.57,10.17,-41.5,9.84,5.0
776,CHOLAHLDNG,Financial Services,Credit Services,273798299648.0,-0.6668,-5.236,-13.65,-4.51,-5.72,-3.19,-10.76,4.13,12.0
777,CINELINE,Unknown,Unknown,,-0.6668,-4.458,-7.45,-6.33,-3.21,6.77,-14.69,0.0,
778,GODREJCP,Consumer Defensive,Household & Personal Products,1036751470592.0,-0.6669,-6.95,-22.91,-8.18,-6.13,5.89,-30.57,7.34,8.0
779,BANARBEADS,Unknown,Unknown,,-0.6682,-4.068,-8.4,-4.29,-3.92,2.44,-9.2,0.0,
780,BELLACASA,Unknown,Unknown,,-0.6709,-5.798,-9.07,-7.13,-4.91,11.54,-13.17,0.0,
781,ALLETEC,Unknown,Unknown,,-0.6729,-3.724,2.06,-11.29,1.32,4.45,-17.63,0.0,
782,CCCL,Unknown,Unknown,,-0.6738,-5.268000000000001,2.63,-15.3,1.42,15.39,-28.31,0.0,
783,BAJAJFINSV,Financial Services,Financial Conglomerates,2706434424832.0,-0.6751,-4.78,-23.08,-3.58,-5.58,-0.19,-14.81,4.13,12.0
784,AWHCL,Unknown,Unknown,,-0.679,-4.7940000000000005,-1.69,-10.38,-1.07,7.54,-16.43,0.0,
785,BAJAJHCARE,Unknown,Unknown,,-0.6796,-4.422,-4.71,-7.98,-2.05,5.85,-18.34,0.0,
786,ARIHANTCAP,Unknown,Unknown,,-0.6818,-4.79,-12.42,-3.44,-5.69,3.55,-7.51,0.0,
787,AVANTIFEED,Consumer Defensive,Packaged Foods,139924258816.0,-0.6846,-9.616,-4.31,-19.69,-2.9,12.68,-29.24,7.34,8.0
788,INTENTECH,Unknown,Unknown,,-0.6868,-4.554,-0.68,-10.8,-0.39,6.08,-18.7,0.0,
789,ECOSMOBLTY,Unknown,Unknown,,-0.6912,-3.912,-0.78,-9.06,-0.48,0.79,-14.82,0.0,
790,DREAMFOLKS,Unknown,Unknown,,-0.6917,-4.444000000000001,-1.27,-10.15,-0.64,4.95,-20.09,0.0,
791,ICEMAKE,Unknown,Unknown,,-0.6967,-3.15,-9.2,-2.46,-3.61,-6.67,-6.27,0.0,
792,BYKE,Unknown,Unknown,,-0.6967,-6.3260000000000005,-13.34,-3.2,-8.41,5.44,-5.08,0.0,
793,IGCL,Unknown,Unknown,,-0.7059,-4.715999999999999,-22.99,2.64,-9.62,-3.97,6.31,0.0,
794,BEDMUTHA,Unknown,Unknown,,-0.7059,-4.715999999999999,-22.99,2.64,-9.62,-3.97,6.31,0.0,
795,ALUWIND,Unknown,Unknown,,-0.7069,-6.66,-15.44,-5.37,-7.52,9.99,-11.02,0.0,
796,GREENCHEF,Unknown,Unknown,,-0.7069,-6.66,-15.44,-5.37,-7.52,9.99,-11.02,0.0,
797,CSLFINANCE,Unknown,Unknown,,-0.7089,-4.356,-16.93,-0.45,-6.96,-3.87,-1.09,0.0,
798,APLAPOLLO,Basic Materials,Steel,499507462144.0,-0.7125,-10.528,-33.21,-10.39,-10.62,10.7,-32.49,9.84,5.0
799,AIROLAM,Unknown,Unknown,,-0.7145,-4.484,-21.7,-1.16,-6.7,-0.04,-3.76,0.0,
800,BASILIC,Unknown,Unknown,,-0.7149,-3.176,5.3,-12.62,3.12,-2.87,-21.45,0.0,
801,A2ZINFRA,Unknown,Unknown,,-0.726,-7.081999999999999,-10.46,-9.68,-5.35,12.12,-18.92,0.0,
802,CROWN,Unknown,Unknown,,-0.7261,-7.306,-4.03,-14.53,-2.49,15.51,-23.53,0.0,
803,GENCON,Unknown,Unknown,,-0.7356,-6.422000000000001,-12.96,-6.08,-6.65,4.59,-11.85,0.0,
804,ESSARSHPNG,Unknown,Unknown,,-0.7363,-6.654,-6.82,-11.1,-3.69,9.18,-20.5,0.0,
805,EVERESTIND,Unknown,Unknown,,-0.7388,-5.640000000000001,-5.14,-10.23,-2.58,3.89,-20.38,0.0,
806,GNA,Unknown,Unknown,,-0.7421,-8.072000000000001,-9.56,-12.71,-4.98,16.75,-24.4,0.0,
807,HDFCBANK,Financial Services,Banks - Regional,11368774238208.0,-0.7432,-6.898,-39.76,-2.56,-9.79,3.67,-10.4,4.13,12.0
808,BLUEDART,Industrials,Integrated Freight & Logistics,111307735040.0,-0.7443,-9.386,-33.45,-10.49,-8.65,10.38,-40.56,8.06,7.0
809,ALICON,Unknown,Unknown,,-0.747,-5.827999999999999,-16.93,-4.28,-6.86,1.23,-10.56,0.0,
810,AMBEY,Unknown,Unknown,,-0.7582,-8.002,7.81,-28.66,5.77,25.4,-38.81,0.0,
811,HAVELLS,Industrials,Electrical Equipment & Parts,721658970112.0,-0.7594,-9.858,-33.64,-10.56,-9.39,9.08,-37.84,8.06,7.0
812,CHAVDA,Unknown,Unknown,,-0.7596,-7.210000000000001,-8.45,-10.96,-4.71,7.96,-19.66,0.0,
813,CHEMBOND,Unknown,Unknown,,-0.7596,-7.210000000000001,-8.45,-10.96,-4.71,7.96,-19.66,0.0,
814,HILINFRA,Unknown,Unknown,,-0.7628,-7.02,-9.17,-11.52,-4.02,9.5,-26.29,0.0,
815,BRITANNIA,Consumer Defensive,Packaged Foods,1230234845184.0,-0.7634,-8.098,-43.2,-6.76,-8.99,5.91,-32.48,7.34,8.0
816,DECCANCE,Unknown,Unknown,,-0.7728,-6.795999999999999,-20.83,-4.48,-8.34,2.89,-11.19,0.0,
817,HDFCLIFE,Financial Services,Insurance - Life,1209444728832.0,-0.7763,-6.79,-45.7,-0.64,-10.89,-1.89,-2.69,4.13,12.0
818,FORCEMOT,Consumer Cyclical,Auto Manufacturers,232468791296.0,-0.779,-11.7,-20.41,-12.57,-11.12,6.98,-23.08,6.62,9.0
819,BALAJITELE,Unknown,Unknown,,-0.7791,-8.120000000000001,-16.75,-3.71,-11.06,1.13,-5.62,0.0,
820,HMT,Industrials,Farm & Heavy Construction Machinery,64274411520.0,-0.7794,-12.47,-41.21,-7.4,-15.85,10.31,-19.24,8.06,7.0
821,BAJAJELEC,Consumer Cyclical,"Furnishings, Fixtures & Appliances",36037160960.0,-0.7975,-11.79,-21.1,-18.39,-7.39,18.22,-52.5,6.62,9.0
822,ESCORTS,Industrials,Farm & Heavy Construction Machinery,306965413888.0,-0.7998,-12.168,-31.85,-13.08,-11.56,11.1,-36.03,8.06,7.0
823,ELIN,Unknown,Unknown,,-0.8018,-7.853999999999999,-18.72,-5.52,-9.41,1.5,-10.98,0.0,
824,DPABHUSHAN,Consumer Cyclical,Luxury Goods,20547409920.0,-0.8082,-12.532,-19.25,-18.13,-8.8,14.47,-39.66,6.62,9.0
825,HERANBA,Unknown,Unknown,,-0.8121,-9.082,-9.44,-16.3,-4.27,15.96,-36.05,0.0,
826,BLUESTARCO,Industrials,Building Products & Equipment,322944925696.0,-0.8351,-13.376,-38.95,-12.62,-13.88,12.94,-35.41,8.06,7.0
827,ESFL,Unknown,Unknown,,-0.836,-10.78,-25.77,-3.64,-15.54,5.73,-6.04,0.0,
828,CEWATER,Unknown,Unknown,,-0.8366,-8.558000000000002,-2.72,-19.01,-1.59,9.16,-32.57,0.0,
829,HTMEDIA,Unknown,Unknown,,-0.8366,-8.558000000000002,-2.72,-19.01,-1.59,9.16,-32.57,0.0,
830,AVROIND,Unknown,Unknown,,-0.8426,-11.72,-20.29,-11.27,-12.02,15.86,-19.02,0.0,
831,BAIDFIN,Unknown,Unknown,,-0.8426,-11.72,-20.29,-11.27,-12.02,15.86,-19.02,0.0,
832,DBCORP,Communication Services,Publishing,36258783232.0,-0.8478,-11.79,-21.1,-18.39,-7.39,18.22,-52.5,4.24,11.0
833,BORANA,Unknown,Unknown,,-0.8697,-10.678,-23.55,-10.33,-10.91,10.5,-22.3,0.0,
834,DHRUV,Unknown,Unknown,,-0.88,-10.29,-9.5,-17.55,-5.45,9.62,-30.59,0.0,
835,GLOBECIVIL,Unknown,Unknown,,-0.8905,-10.696,-15.84,-14.23,-8.34,8.4,-27.03,0.0,
836,ASIANTILES,Unknown,Unknown,,-0.8923,-11.733999999999998,-14.3,-17.83,-7.67,15.72,-33.24,0.0,
837,DLINKINDIA,Unknown,Unknown,,-0.8923,-11.733999999999998,-14.3,-17.83,-7.67,15.72,-33.24,0.0,
838,ANNAPURNA,Unknown,Unknown,,-0.9013,-12.564,-24.0,-11.91,-13.0,13.23,-21.99,0.0,
839,FINOPB,Unknown,Unknown,,-0.9029,-13.722,-35.56,-0.42,-22.59,5.17,-0.66,0.0,
840,DIGIDRIVE,Unknown,Unknown,,-0.9229,-12.108,-15.21,-19.59,-7.12,16.77,-41.86,0.0,
841,HINDPETRO,Energy,Oil & Gas Refining & Marketing,812828196864.0,-0.94,-19.26,-56.31,-13.86,-22.86,9.66,-34.14,13.21,3.0
842,INDOTHAI,Financial Services,Capital Markets,29214337024.0,-0.9403,-15.468,-20.12,-25.29,-8.92,23.77,-57.05,4.13,12.0
843,CENTRALBK,Financial Services,Banks - Regional,281317539840.0,-0.9422,-13.064,-42.75,-12.77,-13.26,12.27,-41.17,4.13,12.0
844,CIFL,Unknown,Unknown,,-0.9631,-13.646,-31.89,-12.35,-14.51,13.58,-27.14,0.0,
845,EMAMILTD,Consumer Defensive,Household & Personal Products,170627842048.0,-0.9802,-14.206,-52.41,-15.16,-13.57,12.32,-58.56,7.34,8.0
846,DUGLOBAL,Unknown,Unknown,,-0.9818,-13.776,-19.72,-12.51,-14.62,1.75,-16.88,0.0,
847,IDBI,Financial Services,Banks - Regional,810408607744.0,-0.9888,-16.907999999999998,-57.34,2.34,-29.74,-2.59,4.51,4.13,12.0
848,AQYLON,Unknown,Unknown,,-0.9954,-18.138,-30.76,20.73,-44.05,-26.76,14.47,0.0,
849,CRAYONS,Unknown,Unknown,,-1.0264,-14.274,-18.75,-11.13,-16.37,-6.53,-12.75,0.0,
850,ICICIPRULI,Financial Services,Insurance - Life,688247341056.0,-1.0266,-13.382,-66.12,-6.32,-18.09,3.29,-23.1,4.13,12.0
851,BCONCEPTS,Unknown,Unknown,,-1.0313,-16.434,-21.25,-22.92,-12.11,20.18,-40.22,0.0,
852,ASHOKLEY,Industrials,Farm & Heavy Construction Machinery,844660277248.0,-1.0491,-19.26,-56.31,-13.86,-22.86,9.66,-34.14,8.06,7.0
853,EFACTOR,Unknown,Unknown,,-1.0597,-19.092,-27.45,-20.85,-17.92,23.03,-31.93,0.0,
854,ABAN,Unknown,Unknown,,-1.0671,-16.154,-38.5,-11.27,-19.41,7.01,-22.35,0.0,
855,INDOUS,Unknown,Unknown,,-1.0938,-16.855999999999998,-52.96,-4.61,-25.02,3.26,-9.76,0.0,
856,AARON,Unknown,Unknown,,-1.0996,-16.648,-39.03,-15.4,-17.48,11.4,-34.38,0.0,
857,DRONE,Unknown,Unknown,,-1.1344,-18.658,-24.88,-26.65,-13.33,19.89,-49.74,0.0,
858,AVPINFRA,Unknown,Unknown,,-1.1684,-22.234,-31.15,-28.18,-18.27,30.22,-48.05,0.0,
859,DCM,Unknown,Unknown,,-1.1684,-22.234,-31.15,-28.18,-18.27,30.22,-48.05,0.0,
860,BEWLTD,Unknown,Unknown,18747146240.0,-1.2136,-27.324,-48.07,-24.57,-29.16,24.35,-40.5,5.75,10.0
861,AVONMORE,Unknown,Unknown,,-1.2319,-21.798,-47.96,-13.74,-27.17,7.68,-24.25,0.0,
862,GSLSU,Unknown,Unknown,,-1.283,-21.826,-64.09,-11.89,-28.45,8.36,-26.79,0.0,
863,FIBERWEB,Unknown,Unknown,,-1.2979,-23.824,-54.85,-23.08,-24.32,24.86,-52.05,0.0,
864,ABINFRA,Unknown,Unknown,,-1.6335,-33.745999999999995,-77.97,-27.77,-37.73,24.03,-57.39,0.0,
865,INFOLLION,Unknown,Unknown,,-1.6693,-34.176,-87.51,-24.15,-40.86,20.26,-51.72,0.0,
866,GICL,Unknown,Unknown,,-1.952,-39.764,-68.69,-34.85,-43.04,-3.73,-55.62,0.0,
867,ABCOTS,Unknown,Unknown,,-2.057,-46.972,-97.67,-46.93,-47.0,42.07,-97.53,0.0,
868,ADVANIHOTR,Unknown,Unknown,,-2.057,-46.972,-97.67,-46.93,-47.0,42.07,-97.53,0.0,
