Symbol,MULTI_FACTOR_SCORE,ENTRY_SCORE,EXPECTED_RETURN_30D,CONVICTION,CONVICTION_SCORE,CONVICTION_RANK
STLTECH,86.33,7.0,17.5,HIGH,94.53,1
KERNEX,85.16,7.0,12.24,HIGH,85.05,2
BALAMINES,83.22,7.0,12.44,HIGH,84.61,3
GVPIL,83.34,7.0,12.27,HIGH,84.37,4
RUBICON,84.65,7.0,11.5,HIGH,83.57,5
OFSS,84.76,7.0,11.26,HIGH,83.21,6
WOCKPHARMA,84.01,7.0,11.27,HIGH,82.92,7
SKIPPER,83.13,7.0,11.07,HIGH,82.23,8
DEEPINDS,84.7,7.0,10.66,HIGH,82.15,9
GAYAPROJ,84.4,7.0,10.65,HIGH,82.02,10
HFCL,86.57,5.0,14.92,HIGH,81.63,11
UNIVCABLES,80.25,7.0,11.32,HIGH,81.51,12
BIRLACABLE,81.87,7.0,10.9,HIGH,81.43,13
ACMESOLAR,83.64,7.0,10.39,HIGH,81.27,14
SIGMAADV,84.26,5.0,15.21,HIGH,81.21,15
ELECTHERM,80.62,7.0,11.05,HIGH,81.19,16
RUBYMILLS,80.5,7.0,10.83,HIGH,80.77,17
BLUSPRING,80.01,7.0,10.89,HIGH,80.67,18
SETCO,78.51,7.0,11.22,HIGH,80.64,19
COFORGE,82.08,7.0,10.27,HIGH,80.44,20
MITCON,80.03,7.0,10.68,HIGH,80.32,21
MODISONLTD,83.92,5.0,14.55,MEDIUM,79.94,22
NSLNISP,80.04,7.0,10.38,MEDIUM,79.81,23
PASUPTAC,77.4,7.0,10.99,MEDIUM,79.8,24
NETWEB,80.48,7.0,10.18,MEDIUM,79.64,25
BAFNAPH,80.44,7.0,10.09,MEDIUM,79.47,26
OMAXAUTO,82.3,5.0,14.65,MEDIUM,79.46,27
BBOX,85.93,5.0,13.51,MEDIUM,78.96,28
GULFPETRO,78.52,7.0,10.12,MEDIUM,78.76,29
DEEDEV,84.39,5.0,13.6,MEDIUM,78.5,30
SUDEEPPHRM,78.14,7.0,10.03,MEDIUM,78.45,31
SASKEN,85.86,5.0,13.14,MEDIUM,78.3,32
TATATECH,76.85,7.0,10.19,MEDIUM,78.21,33
BLISSGVS,85.67,5.0,13.11,MEDIUM,78.17,34
CHENNPETRO,78.55,7.0,9.77,MEDIUM,78.17,35
ICIL,76.8,7.0,10.18,MEDIUM,78.17,36
ASTEC,77.59,7.0,9.91,MEDIUM,78.02,37
VISHNU,77.66,7.0,9.86,MEDIUM,77.97,38
PANACEABIO,76.35,7.0,10.16,MEDIUM,77.96,39
GIPCL,77.63,7.0,9.8,MEDIUM,77.85,40
DBSTOCKBRO,74.85,7.0,10.33,MEDIUM,77.65,41
TIRUPATIFL,77.88,7.0,9.6,MEDIUM,77.61,42
TBZ,76.38,7.0,9.95,MEDIUM,77.61,43
SERVOTECH,76.63,7.0,9.85,MEDIUM,77.54,44
CONFIPET,85.82,5.0,12.57,MEDIUM,77.31,45
TERASOFT,76.34,7.0,9.76,MEDIUM,77.27,46
EXIDEIND,75.89,7.0,9.84,MEDIUM,77.22,47
FCL,83.67,5.0,12.95,MEDIUM,77.1,48
HEXT,76.19,7.0,9.62,MEDIUM,76.97,49
KSHINTL,84.89,5.0,12.55,MEDIUM,76.9,50
GPTHEALTH,75.97,7.0,9.6,MEDIUM,76.85,51
HITECHCORP,81.07,5.0,13.39,MEDIUM,76.81,52
VINDHYATEL,84.18,5.0,12.55,MEDIUM,76.61,53
DCMFINSERV,73.88,7.0,9.81,MEDIUM,76.37,54
CEMPRO,84.21,5.0,12.35,MEDIUM,76.28,55
CPPLUS,84.67,5.0,12.19,MEDIUM,76.19,56
SUVEN,85.05,5.0,12.09,MEDIUM,76.17,57
E2E,84.89,5.0,12.06,MEDIUM,76.06,58
DHARMAJ,74.45,7.0,9.49,MEDIUM,76.05,59
BEARDSELL,74.38,7.0,9.51,MEDIUM,76.05,60
IFGLEXPOR,73.84,7.0,9.59,MEDIUM,75.98,61
VMARCIND,80.88,5.0,12.93,MEDIUM,75.95,62
APOLLO,84.53,5.0,12.03,MEDIUM,75.86,63
IBULLSLTD,82.89,5.0,12.4,MEDIUM,75.84,64
IOLCP,84.82,5.0,11.92,MEDIUM,75.79,65
VBL,73.32,7.0,9.6,MEDIUM,75.79,66
MANCREDIT,72.19,7.0,9.85,MEDIUM,75.76,67
ARROWGREEN,81.23,6.0,10.23,MEDIUM,75.74,68
INDOAMIN,73.06,7.0,9.61,MEDIUM,75.7,69
SHEETAL,71.97,7.0,9.67,MEDIUM,75.37,70
IFCI,72.22,7.0,9.58,MEDIUM,75.31,71
NEOGEN,71.49,7.0,9.73,MEDIUM,75.28,72
THANGAMAYL,72.97,7.0,9.38,MEDIUM,75.27,73
JETFREIGHT,71.98,7.0,9.61,MEDIUM,75.27,74
ALKYLAMINE,71.8,7.0,9.64,MEDIUM,75.25,75
VINSYS,71.64,7.0,9.68,MEDIUM,75.25,76
FAZE3Q,71.84,7.0,9.6,MEDIUM,75.19,77
EXICOM,83.81,5.0,11.77,MEDIUM,75.13,78
AEROFLEX,84.37,5.0,11.59,MEDIUM,75.05,79
NIITLTD,71.66,7.0,9.47,MEDIUM,74.9,80
ANTELOPUS,83.88,5.0,11.6,MEDIUM,74.87,81
MPSLTD,71.88,7.0,9.36,MEDIUM,74.8,82
SAKAR,83.8,5.0,11.56,MEDIUM,74.77,83
EMMVEE,85.63,5.0,11.12,MEDIUM,74.74,84
OLECTRA,79.96,6.0,9.86,MEDIUM,74.6,85
MSPL,78.25,6.0,10.26,MEDIUM,74.6,86
NBCC,71.63,7.0,9.28,MEDIUM,74.56,87
PTCIL,70.93,7.0,9.44,MEDIUM,74.55,88
GPECO,70.12,7.0,9.62,MEDIUM,74.54,89
ADANIPOWER,85.18,5.0,11.06,MEDIUM,74.46,90
SHAILY,82.15,5.0,11.75,MEDIUM,74.43,91
EFFWA,76.9,6.0,10.41,MEDIUM,74.32,92
BFUTILITIE,70.78,7.0,9.33,MEDIUM,74.31,93
SANGINITA,80.0,5.0,12.12,MEDIUM,74.21,94
NITCO,78.64,6.0,9.92,MEDIUM,74.18,95
TRIGYN,71.09,7.0,9.18,MEDIUM,74.17,96
IDEAFORGE,85.71,4.0,13.25,MEDIUM,74.14,97
WHEELS,81.77,5.0,11.67,MEDIUM,74.14,98
AMDIND,69.91,7.0,9.37,MEDIUM,74.03,99
MUFIN,80.1,5.0,11.96,MEDIUM,73.97,100
SFL,82.35,5.0,11.39,MEDIUM,73.89,101
VARDHACRLC,76.35,6.0,10.27,MEDIUM,73.86,102
ONELIFECAP,78.08,5.0,12.34,MEDIUM,73.81,103
JSFB,76.14,6.0,10.29,MEDIUM,73.81,104
PREMIERENE,86.36,5.0,10.39,MEDIUM,73.78,105
THERMAX,84.02,5.0,10.93,MEDIUM,73.77,106
ADANIGREEN,83.71,5.0,10.97,MEDIUM,73.72,107
DATAMATICS,69.76,7.0,9.18,MEDIUM,73.64,108
AVALON,83.09,5.0,10.99,MEDIUM,73.5,109
HIRECT,83.08,5.0,10.95,MEDIUM,73.43,110
VADILALIND,68.71,7.0,9.29,MEDIUM,73.41,111
ADANIENSOL,83.9,5.0,10.74,MEDIUM,73.4,112
RPPL,68.57,7.0,9.29,MEDIUM,73.35,113
ATGL,83.96,5.0,10.67,MEDIUM,73.3,114
TANLA,77.02,6.0,9.73,MEDIUM,73.2,115
HCL-INSYS,69.43,7.0,9.0,MEDIUM,73.2,116
RPTECH,83.04,5.0,10.81,MEDIUM,73.18,117
SOUTHWEST,84.58,5.0,10.4,MEDIUM,73.09,118
ASTRAMICRO,83.29,5.0,10.67,MEDIUM,73.04,119
PRECOT,79.96,5.0,11.45,MEDIUM,73.04,120
MARKSANS,82.42,5.0,10.85,MEDIUM,73.0,121
BLSE,81.73,5.0,11.0,MEDIUM,72.98,122
REFEX,82.66,5.0,10.76,MEDIUM,72.94,123
KOPRAN,82.67,5.0,10.72,MEDIUM,72.87,124
PRECWIRE,79.57,5.0,11.43,MEDIUM,72.85,125
UTLSOLAR,80.61,5.0,11.18,MEDIUM,72.84,126
ABSMARINE,79.18,5.0,11.5,MEDIUM,72.81,127
STEELXIND,80.72,5.0,11.07,MEDIUM,72.69,128
MODINATUR,79.58,5.0,11.32,MEDIUM,72.67,129
SBCL,79.33,5.0,11.38,MEDIUM,72.67,130
AVTNPL,67.77,7.0,9.07,MEDIUM,72.66,131
ADANIENT,82.15,5.0,10.7,MEDIUM,72.63,132
RPEL,80.6,5.0,11.06,MEDIUM,72.63,133
JAGRAN,67.24,7.0,9.16,MEDIUM,72.6,134
BANKA,80.49,5.0,11.05,MEDIUM,72.57,135
TRITURBINE,81.4,5.0,10.78,MEDIUM,72.47,136
LLOYDSME,82.41,5.0,10.54,MEDIUM,72.46,137
DIACABS,81.41,5.0,10.73,MEDIUM,72.39,138
RAIN,79.8,5.0,11.02,MEDIUM,72.24,139
SVPGLOB,74.18,6.0,9.81,MEDIUM,72.2,140
VISHWAS,72.74,6.0,10.13,MEDIUM,72.18,141
KHANDSE,65.51,7.0,9.32,MEDIUM,72.18,142
SPARC,78.99,5.0,11.14,MEDIUM,72.12,143
INDOBORAX,79.92,5.0,10.91,MEDIUM,72.1,144
YASHO,79.41,5.0,11.02,MEDIUM,72.08,145
BHAGYANGR,82.62,4.0,12.74,MEDIUM,72.03,146
POWERINDIA,81.43,5.0,10.52,MEDIUM,72.03,147
VIVIANA,81.52,5.0,10.47,MEDIUM,71.99,148
PARAGMILK,66.35,7.0,9.0,MEDIUM,71.97,149
SANSTAR,80.13,5.0,10.77,MEDIUM,71.94,150
MTARTECH,84.66,4.0,12.18,MEDIUM,71.89,151
DCM,65.07,7.0,9.2,MEDIUM,71.8,152
PALREDTEC,79.91,5.0,10.73,MEDIUM,71.79,153
IVC,65.69,7.0,8.99,MEDIUM,71.69,154
CALSOFT,82.64,4.0,12.52,MEDIUM,71.66,155
MBLINFRA,65.98,7.0,8.9,MEDIUM,71.65,156
BOROSCI,79.38,5.0,10.77,MEDIUM,71.64,157
DEEPAKFERT,80.86,5.0,10.4,MEDIUM,71.6,158
GRWRHITECH,79.01,5.0,10.81,MEDIUM,71.56,159
LAURUSLABS,80.91,5.0,10.36,MEDIUM,71.55,160
WINSOME,77.87,5.0,11.07,MEDIUM,71.55,161
THYROCARE,80.21,5.0,10.51,MEDIUM,71.53,162
SOLARINDS,80.41,5.0,10.43,MEDIUM,71.47,163
ACUTAAS,80.03,5.0,10.49,MEDIUM,71.42,164
HESTERBIO,79.5,5.0,10.6,MEDIUM,71.4,165
PAISALO,79.21,5.0,10.65,MEDIUM,71.37,166
QUICKHEAL,73.33,6.0,9.51,MEDIUM,71.35,167
BAJAJCON,79.51,5.0,10.54,MEDIUM,71.3,168
STALLION,80.43,5.0,10.27,MEDIUM,71.21,169
ASHAPURMIN,80.18,5.0,10.33,MEDIUM,71.21,170
HOACFOODS,77.81,5.0,10.82,MEDIUM,71.1,171
MARINE,79.54,5.0,10.3,MEDIUM,70.9,172
ROSSTECH,79.44,5.0,10.32,MEDIUM,70.9,173
SIS,79.02,5.0,10.4,MEDIUM,70.87,174
KIRLPNU,78.92,5.0,10.35,MEDIUM,70.74,175
ACEINTEG,71.38,6.0,9.58,MEDIUM,70.69,176
ORCHPHARMA,77.35,5.0,10.63,MEDIUM,70.59,177
SAREGAMA,77.74,5.0,10.51,MEDIUM,70.54,178
PGHL,79.29,5.0,10.14,MEDIUM,70.53,179
TRUALT,79.51,5.0,10.05,MEDIUM,70.46,180
RAYMOND,78.33,5.0,10.31,MEDIUM,70.43,181
GLOBALPET,76.02,5.0,10.84,MEDIUM,70.42,182
APCOTEXIND,77.88,5.0,10.38,MEDIUM,70.37,183
FSL,79.4,5.0,10.01,MEDIUM,70.35,184
CGPOWER,78.72,5.0,10.03,MEDIUM,70.11,185
TALBROAUTO,77.32,5.0,10.35,MEDIUM,70.1,186
S&SPOWER,77.69,5.0,10.22,MEDIUM,70.02,187
GUJGASLTD,62.56,7.0,8.74,MEDIUM,70.01,188
PARACABLES,80.65,4.0,12.01,MEDIUM,69.99,189
HINDALCO,78.68,5.0,9.93,MEDIUM,69.92,190
SOFTTECH,80.79,4.0,11.92,MEDIUM,69.89,191
MAFANG,77.17,5.0,10.25,MEDIUM,69.87,192
ANANTRAJ,62.44,7.0,8.69,MEDIUM,69.87,193
UNIDT,77.03,5.0,10.26,MEDIUM,69.83,194
JINDALSAW,79.06,5.0,9.77,MEDIUM,69.8,195
ADVENZYMES,77.2,5.0,10.19,MEDIUM,69.78,196
WELCORP,83.16,4.0,11.26,MEDIUM,69.71,197
AVANTEL,78.57,5.0,9.82,MEDIUM,69.69,198
HGM,69.64,6.0,9.37,MEDIUM,69.63,199
NRL,77.66,5.0,9.99,MEDIUM,69.62,200
WEWORK,77.29,5.0,10.07,MEDIUM,69.61,201
AFIL,77.69,5.0,9.97,MEDIUM,69.6,202
WELINV,74.11,5.0,10.78,MEDIUM,69.55,203
BHEL,83.38,4.0,11.1,MEDIUM,69.52,204
AIAENG,77.76,5.0,9.86,MEDIUM,69.44,205
KIRLOSENG,76.82,5.0,10.07,MEDIUM,69.42,206
THEMISMED,76.99,5.0,10.0,MEDIUM,69.37,207
JARO,75.55,5.0,10.33,MEDIUM,69.36,208
NATIONALUM,78.53,5.0,9.6,MEDIUM,69.3,209
WABAG,77.26,5.0,9.77,MEDIUM,69.08,210
PATINTLOG,75.64,5.0,10.15,MEDIUM,69.08,211
GUFICBIO,76.89,5.0,9.83,MEDIUM,69.04,212
UNITEDPOLY,75.7,5.0,10.09,MEDIUM,69.01,213
AJAXENGG,76.13,5.0,9.98,MEDIUM,68.99,214
GLAND,75.24,5.0,10.19,MEDIUM,68.99,215
UNIPARTS,76.09,5.0,9.97,MEDIUM,68.96,216
IDEA,75.42,5.0,10.12,MEDIUM,68.95,217
NAHARSPING,76.24,5.0,9.85,MEDIUM,68.81,218
GHCLTEXTIL,76.22,5.0,9.83,MEDIUM,68.77,219
KTKBANK,76.24,5.0,9.82,MEDIUM,68.76,220
PROV,74.5,5.0,10.22,MEDIUM,68.75,221
MANORAMA,60.28,7.0,8.53,MEDIUM,68.73,222
INDSWFTLAB,75.89,5.0,9.88,MEDIUM,68.72,223
SANSERA,75.33,5.0,10.01,MEDIUM,68.72,224
PARAS,76.53,5.0,9.72,MEDIUM,68.7,225
DURLAX,75.13,5.0,10.03,MEDIUM,68.67,226
MOLDTKPAC,74.7,5.0,10.1,MEDIUM,68.62,227
CUMMINSIND,76.43,5.0,9.69,MEDIUM,68.61,228
OCCLLTD,75.2,5.0,9.97,MEDIUM,68.6,229
OLAELEC,75.15,5.0,9.96,MEDIUM,68.56,230
NPST,76.97,5.0,9.53,MEDIUM,68.55,231
MAHASTEEL,76.33,5.0,9.67,MEDIUM,68.54,232
LAXMIDENTL,75.15,5.0,9.93,MEDIUM,68.51,233
WSTCSTPAPR,76.37,5.0,9.63,MEDIUM,68.49,234
ABB,76.89,5.0,9.49,MEDIUM,68.45,235
SUNFLAG,80.88,4.0,11.02,MEDIUM,68.39,236
VMART,75.44,5.0,9.78,MEDIUM,68.37,237
BBTCL,75.52,5.0,9.73,MEDIUM,68.32,238
SUMICHEM,75.52,5.0,9.68,MEDIUM,68.23,239
RANEHOLDIN,73.65,5.0,10.11,MEDIUM,68.22,240
AMBIKCO,74.71,5.0,9.85,MEDIUM,68.2,241
SVLL,75.47,5.0,9.65,MEDIUM,68.16,242
LIBAS,74.98,5.0,9.76,MEDIUM,68.15,243
VENUSPIPES,75.33,5.0,9.67,MEDIUM,68.14,244
IFBIND,75.05,5.0,9.73,MEDIUM,68.13,245
RITCO,73.82,5.0,9.99,MEDIUM,68.08,246
DPEL,80.34,4.0,10.94,MEDIUM,68.03,247
LLOYDS,78.8,4.0,11.28,MEDIUM,68.0,248
IVP,73.79,5.0,9.94,MEDIUM,67.98,249
KRISHIVAL,73.56,5.0,9.99,MEDIUM,67.98,250
BAJEL,75.45,5.0,9.53,MEDIUM,67.95,251
GTECJAINX,73.52,5.0,9.98,MEDIUM,67.95,252
HONASA,73.65,5.0,9.93,MEDIUM,67.91,253
SHREEJISPG,73.93,5.0,9.83,MEDIUM,67.85,254
SWANDEF,75.04,5.0,9.56,MEDIUM,67.83,255
JINDRILL,82.29,4.0,10.33,MEDIUM,67.77,256
CARYSIL,73.46,5.0,9.88,MEDIUM,67.75,257
SEAMECLTD,74.63,5.0,9.6,MEDIUM,67.74,258
SHOPERSTOP,73.63,5.0,9.83,MEDIUM,67.73,259
CGCL,74.37,5.0,9.65,MEDIUM,67.72,260
DIFFNKG,74.96,5.0,9.5,MEDIUM,67.7,261
PREMEXPLN,72.67,5.0,10.01,MEDIUM,67.66,262
VIPCLOTHNG,73.59,5.0,9.77,MEDIUM,67.61,263
PSPPROJECT,73.96,5.0,9.65,MEDIUM,67.56,264
TITAGARH,74.09,5.0,9.58,MEDIUM,67.49,265
SRM,74.91,5.0,9.37,MEDIUM,67.46,266
STOVEKRAFT,73.45,5.0,9.71,MEDIUM,67.45,267
KRISHANA,81.22,4.0,10.32,MEDIUM,67.32,268
HOLMARC,64.72,6.0,9.16,MEDIUM,67.31,269
INDORAMA,73.76,5.0,9.54,MEDIUM,67.29,270
SATIN,78.96,4.0,10.82,MEDIUM,67.28,271
TATACOMM,72.28,5.0,9.88,MEDIUM,67.28,272
HMVL,57.24,7.0,8.38,MEDIUM,67.26,273
CAPLIPOINT,73.59,5.0,9.53,MEDIUM,67.2,274
SJLOGISTIC,57.32,7.0,8.29,MEDIUM,67.14,275
NEULANDLAB,81.46,4.0,10.15,MEDIUM,67.13,276
ONESOURCE,80.82,4.0,10.3,MEDIUM,67.13,277
RHETAN,72.83,5.0,9.64,MEDIUM,67.09,278
GTLINFRA,80.94,4.0,10.23,MEDIUM,67.06,279
RRKABEL,79.43,4.0,10.58,MEDIUM,67.05,280
ZENTEC,73.59,5.0,9.42,MEDIUM,67.01,281
TIPSMUSIC,72.52,5.0,9.66,MEDIUM,67.0,282
JAYKAY,64.84,6.0,8.89,MEDIUM,66.89,283
APTECHT,71.97,5.0,9.72,MEDIUM,66.88,284
GREAVESCOT,73.07,5.0,9.46,MEDIUM,66.87,285
OLIL,77.06,4.0,11.02,MEDIUM,66.86,286
DJML,72.69,5.0,9.54,MEDIUM,66.86,287
POWERMECH,73.36,5.0,9.37,MEDIUM,66.84,288
APARINDS,72.91,5.0,9.48,MEDIUM,66.84,289
SAMMAANCAP,72.33,5.0,9.6,MEDIUM,66.82,290
MIRCELECTR,78.62,4.0,10.61,MEDIUM,66.78,291
JGCHEM,72.27,5.0,9.5,MEDIUM,66.62,292
CONSOFINVT,55.59,7.0,8.39,MEDIUM,66.62,293
AEGISLOG,72.98,5.0,9.33,MEDIUM,66.61,294
VALIANTLAB,79.53,4.0,10.29,MEDIUM,66.59,295
HONAUT,72.71,5.0,9.36,MEDIUM,66.56,296
SALONA,64.39,6.0,8.8,MEDIUM,66.56,297
VERANDA,69.1,5.0,10.17,MEDIUM,66.5,298
SBC,72.12,5.0,9.44,MEDIUM,66.46,299
JSWENERGY,72.29,5.0,9.39,MEDIUM,66.44,300
FONEBOX,69.5,5.0,10.03,MEDIUM,66.42,301
WEWIN,80.62,4.0,9.92,MEDIUM,66.4,302
SAKSOFT,64.7,6.0,8.63,MEDIUM,66.39,303
PLASTIBLEN,71.49,5.0,9.54,MEDIUM,66.38,304
SIMPLEXINF,71.98,5.0,9.42,MEDIUM,66.37,305
HINDOILEXP,80.28,4.0,9.96,MEDIUM,66.33,306
ZEELEARN,69.64,5.0,9.92,MEDIUM,66.29,307
MINDACORP,71.37,5.0,9.51,MEDIUM,66.28,308
BELRISE,72.4,5.0,9.24,MEDIUM,66.23,309
NELCO,72.58,5.0,9.19,MEDIUM,66.21,310
SEJALLTD,78.67,4.0,10.24,MEDIUM,66.17,311
CADSYS,76.04,4.0,10.83,MEDIUM,66.12,312
TINNARUBR,71.15,5.0,9.42,MEDIUM,66.04,313
AMNPLST,70.91,5.0,9.47,MEDIUM,66.03,314
PERSISTENT,72.17,5.0,9.17,MEDIUM,66.02,315
SGFIN,78.23,4.0,10.24,MEDIUM,65.99,316
NGLFINE,70.38,5.0,9.57,MEDIUM,65.99,317
TVSELECT,79.76,4.0,9.87,MEDIUM,65.97,318
USHAMART,71.15,5.0,9.38,MEDIUM,65.97,319
NATHBIOGEN,71.39,5.0,9.32,MEDIUM,65.96,320
DYNAMIC,70.74,5.0,9.46,MEDIUM,65.94,321
MONARCH,70.65,5.0,9.48,MEDIUM,65.94,322
SGIL,63.27,6.0,8.7,MEDIUM,65.94,323
WELSPUNLIV,70.71,5.0,9.46,MEDIUM,65.93,324
SWELECTES,80.23,4.0,9.73,MEDIUM,65.91,325
ISFT,70.84,5.0,9.41,MEDIUM,65.9,326
JKIPL,70.69,5.0,9.44,MEDIUM,65.89,327
INDTERRAIN,55.06,7.0,8.09,MEDIUM,65.89,328
AKSHOPTFBR,78.73,4.0,10.06,MEDIUM,65.88,329
RAYMONDREL,77.28,4.0,10.39,MEDIUM,65.87,330
RUBFILA,70.49,5.0,9.44,MEDIUM,65.81,331
DONEAR,63.09,6.0,8.67,MEDIUM,65.81,332
SEMAC,77.54,4.0,10.27,MEDIUM,65.76,333
GOKULAGRO,78.06,4.0,10.11,MEDIUM,65.7,334
BLUECHIP,77.49,3.0,12.73,MEDIUM,65.68,335
SYNCOMF,71.03,5.0,9.22,MEDIUM,65.65,336
STYL,70.62,5.0,9.32,MEDIUM,65.65,337
TIINDIA,70.7,5.0,9.29,MEDIUM,65.63,338
ADFFOODS,77.06,4.0,10.29,MEDIUM,65.61,339
IMPEXFERRO,70.11,5.0,9.38,MEDIUM,65.55,340
DCAL,69.9,5.0,9.41,MEDIUM,65.52,341
SAIL,77.85,4.0,10.04,MEDIUM,65.49,342
HSCL,77.62,4.0,10.08,MEDIUM,65.47,343
CHEMCON,69.61,5.0,9.45,MEDIUM,65.47,344
GRCL,74.67,4.0,10.76,MEDIUM,65.46,345
CYBERTECH,78.09,4.0,9.93,MEDIUM,65.4,346
INNOVACAP,77.87,4.0,9.96,MEDIUM,65.37,347
SUZLON,79.13,4.0,9.66,MEDIUM,65.35,348
POLYCAB,69.82,5.0,9.33,MEDIUM,65.35,349
FCSSOFT,71.12,5.0,8.94,MEDIUM,65.2,350
UDS,69.38,5.0,9.26,MEDIUM,65.05,351
EBGNG,70.21,5.0,9.05,MEDIUM,65.03,352
FEDFINA,69.06,5.0,9.3,MEDIUM,65.0,353
SOTL,68.73,5.0,9.34,MEDIUM,64.93,354
ASIANPAINT,69.58,5.0,9.13,MEDIUM,64.91,355
RADICO,77.11,4.0,9.86,MEDIUM,64.89,356
KANORICHEM,76.22,4.0,10.07,MEDIUM,64.89,357
SHERA,75.32,4.0,10.28,MEDIUM,64.89,358
GRASIM,69.02,5.0,9.25,MEDIUM,64.89,359
RISHABH,77.04,4.0,9.85,MEDIUM,64.84,360
SILGO,69.02,5.0,9.22,MEDIUM,64.84,361
NLCINDIA,76.37,4.0,9.99,MEDIUM,64.82,362
ITI,70.13,5.0,8.95,MEDIUM,64.82,363
NEPHROPLUS,69.23,5.0,9.15,MEDIUM,64.81,364
J&KBANK,68.87,5.0,9.23,MEDIUM,64.8,365
IKS,77.2,4.0,9.77,MEDIUM,64.77,366
DATAPATTNS,76.74,4.0,9.87,MEDIUM,64.76,367
UNIVASTU,68.52,5.0,9.29,MEDIUM,64.76,368
KILITCH,67.32,5.0,9.56,MEDIUM,64.75,369
DIXON,69.69,5.0,8.99,MEDIUM,64.72,370
RUPA,68.58,5.0,9.21,MEDIUM,64.65,371
MEGASTAR,76.79,4.0,9.77,MEDIUM,64.61,372
MAHICKRA,76.01,4.0,9.94,MEDIUM,64.59,373
MAYURUNIQ,68.0,5.0,9.28,MEDIUM,64.54,374
KREBSBIO,68.9,5.0,9.06,MEDIUM,64.52,375
ABMINTLLTD,52.14,7.0,7.97,MEDIUM,64.52,376
ACCENTMIC,76.31,4.0,9.8,MEDIUM,64.47,377
BANDHANBNK,67.62,5.0,9.32,MEDIUM,64.45,378
BIOCON,67.94,5.0,9.2,MEDIUM,64.38,379
XPROINDIA,76.32,4.0,9.72,MEDIUM,64.33,380
AGI,68.38,5.0,9.07,MEDIUM,64.33,381
VELS,75.67,4.0,9.86,MEDIUM,64.31,382
PLAZACABLE,75.15,4.0,9.97,MEDIUM,64.29,383
TEJASNET,68.88,5.0,8.93,MEDIUM,64.29,384
GREENCHEF,74.72,4.0,10.06,MEDIUM,64.28,385
GUJTHEM,74.68,4.0,10.06,MEDIUM,64.26,386
PIXTRANS,68.25,5.0,8.96,MEDIUM,64.09,387
LUXIND,74.41,4.0,10.0,MEDIUM,64.05,388
SAAKSHI,74.1,4.0,10.04,MEDIUM,63.99,389
STARHEALTH,67.65,5.0,9.03,MEDIUM,63.97,390
SHANTIGOLD,66.79,5.0,9.2,MEDIUM,63.92,391
MPHASIS,68.8,5.0,8.73,MEDIUM,63.91,392
JAYBARMARU,66.2,5.0,9.33,MEDIUM,63.9,393
SALSTEEL,75.2,4.0,9.7,MEDIUM,63.85,394
SEYAIND,73.37,4.0,10.07,MEDIUM,63.75,395
MOTHERSON,66.7,5.0,9.12,MEDIUM,63.74,396
MARALOVER,73.31,4.0,10.06,MEDIUM,63.71,397
WIPRO,67.68,5.0,8.84,MEDIUM,63.65,398
MAXESTATES,66.12,5.0,9.19,MEDIUM,63.63,399
DIVGIITTS,67.17,5.0,8.94,MEDIUM,63.62,400
GALAPREC,74.54,4.0,9.7,MEDIUM,63.59,401
DYNPRO,67.2,5.0,8.91,MEDIUM,63.58,402
FMNL,73.51,4.0,9.91,MEDIUM,63.54,403
MASTEK,67.39,5.0,8.82,MEDIUM,63.5,404
HAPPSTMNDS,67.38,5.0,8.78,MEDIUM,63.43,405
GCSL,64.54,5.0,9.41,MEDIUM,63.38,406
DPWIRES,75.1,4.0,9.44,MEDIUM,63.37,407
JASH,66.45,5.0,8.95,MEDIUM,63.35,408
TFCILTD,57.67,6.0,8.48,MEDIUM,63.32,409
WEBELSOLAR,86.96,2.0,11.58,MEDIUM,63.21,410
XCHANGING,58.07,6.0,8.32,MEDIUM,63.21,411
RSWM,65.93,5.0,8.98,MEDIUM,63.19,412
MANAKALUCO,73.34,4.0,9.74,MEDIUM,63.18,413
KPRMILL,66.07,5.0,8.93,MEDIUM,63.17,414
PARAGON,64.56,5.0,9.28,MEDIUM,63.16,415
SOLARA,74.23,4.0,9.52,MEDIUM,63.15,416
SURYODAY,73.15,4.0,9.75,MEDIUM,63.12,417
EMCURE,74.8,4.0,9.36,MEDIUM,63.11,418
SURANASOL,74.06,4.0,9.5,MEDIUM,63.05,419
KIOCL,73.62,4.0,9.6,MEDIUM,63.05,420
EXPLEOSOL,73.76,4.0,9.55,MEDIUM,63.02,421
KAJARIACER,66.21,5.0,8.81,MEDIUM,63.02,422
CENTENKA,65.13,5.0,9.06,MEDIUM,63.01,423
IRIS,65.69,5.0,8.92,MEDIUM,63.0,424
ADOR,65.41,5.0,8.98,MEDIUM,62.99,425
HARIOMPIPE,64.18,5.0,9.27,MEDIUM,62.99,426
NELCAST,74.52,4.0,9.35,MEDIUM,62.98,427
KINGFA,73.4,4.0,9.59,MEDIUM,62.94,428
ASHIMASYN,65.06,5.0,9.03,MEDIUM,62.93,429
MIDHANI,73.34,4.0,9.57,MEDIUM,62.88,430
KDDL,64.44,5.0,9.14,MEDIUM,62.87,431
CORDSCABLE,72.06,4.0,9.85,MEDIUM,62.85,432
JSWINFRA,66.05,5.0,8.74,MEDIUM,62.83,433
GEECEE,65.0,5.0,8.98,MEDIUM,62.82,434
ASPINWALL,65.01,5.0,8.97,MEDIUM,62.81,435
GOCOLORS,64.59,5.0,9.06,MEDIUM,62.8,436
ASAL,64.85,5.0,8.99,MEDIUM,62.78,437
MAITHANALL,65.78,5.0,8.77,MEDIUM,62.77,438
NH,65.6,5.0,8.81,MEDIUM,62.77,439
BGRENERGY,66.19,5.0,8.66,MEDIUM,62.75,440
IGIL,65.77,5.0,8.71,MEDIUM,62.67,441
TEGA,65.45,5.0,8.77,MEDIUM,62.64,442
WELENT,65.15,5.0,8.84,MEDIUM,62.64,443
INDNIPPON,64.61,5.0,8.96,MEDIUM,62.63,444
DSSL,84.03,2.0,11.87,MEDIUM,62.53,445
HBLENGINE,73.73,4.0,9.24,MEDIUM,62.47,446
STYRENIX,73.2,4.0,9.31,MEDIUM,62.38,447
MENONBE,71.9,4.0,9.61,MEDIUM,62.38,448
AGARWALEYE,64.3,5.0,8.86,MEDIUM,62.34,449
RELIGARE,64.23,5.0,8.88,MEDIUM,62.34,450
RBA,64.25,5.0,8.85,MEDIUM,62.3,451
SHYAMTEL,81.03,2.0,12.43,MEDIUM,62.29,452
ASAHISONG,71.97,4.0,9.51,MEDIUM,62.23,453
DLINKINDIA,72.7,4.0,9.3,MEDIUM,62.17,454
MEDICO,63.37,5.0,8.96,MEDIUM,62.14,455
ORBTEXP,63.67,5.0,8.86,MEDIUM,62.09,456
ABDL,72.53,4.0,9.29,MEDIUM,62.08,457
NOIDATOLL,76.15,3.0,10.89,MEDIUM,61.99,458
COALINDIA,72.36,4.0,9.25,MEDIUM,61.94,459
RVTH,70.55,4.0,9.65,MEDIUM,61.91,460
RILINFRA,63.31,5.0,8.84,MEDIUM,61.91,461
TRANSWORLD,71.85,4.0,9.34,MEDIUM,61.89,462
ATALREAL,71.17,4.0,9.49,MEDIUM,61.88,463
PRINCEPIPE,63.66,5.0,8.74,MEDIUM,61.88,464
SURANI,83.42,2.0,11.62,MEDIUM,61.86,465
ANANDRATHI,72.59,4.0,9.13,MEDIUM,61.83,466
MINDTECK,64.04,5.0,8.62,MEDIUM,61.82,467
GLOBALE,71.59,4.0,9.34,MEDIUM,61.79,468
AZAD,70.83,4.0,9.44,MEDIUM,61.66,469
IDFCFIRSTB,46.11,7.0,7.69,MEDIUM,61.63,470
SENCO,62.92,5.0,8.76,MEDIUM,61.61,471
CASTROLIND,63.74,5.0,8.56,MEDIUM,61.6,472
PARTYCRUS,69.56,4.0,9.66,MEDIUM,61.53,473
AFCONS,72.2,4.0,9.04,MEDIUM,61.52,474
GREENPOWER,71.56,4.0,9.17,MEDIUM,61.49,475
JSWSTEEL,62.86,5.0,8.66,MEDIUM,61.42,476
DAMODARIND,70.26,4.0,9.43,MEDIUM,61.41,477
GLOSTERLTD,70.1,4.0,9.46,MEDIUM,61.4,478
SAGARDEEP,62.17,5.0,8.81,MEDIUM,61.4,479
EMAMIPAP,62.0,5.0,8.84,MEDIUM,61.38,480
DCMNVL,69.24,4.0,9.64,MEDIUM,61.36,481
ALLDIGI,54.75,6.0,8.02,MEDIUM,61.36,482
SAKUMA,62.98,5.0,8.59,MEDIUM,61.35,483
JSWDULUX,62.48,5.0,8.71,MEDIUM,61.35,484
TEAMLEASE,70.39,4.0,9.34,MEDIUM,61.31,485
BANCOINDIA,62.48,5.0,8.65,MEDIUM,61.25,486
INFY,63.47,5.0,8.39,MEDIUM,61.2,487
VIVO,61.87,5.0,8.76,MEDIUM,61.19,488
INSECTICID,70.83,4.0,9.14,MEDIUM,61.14,489
SUBEXLTD,70.2,4.0,9.26,MEDIUM,61.1,490
SUPRAJIT,61.89,5.0,8.7,MEDIUM,61.1,491
BALRAMCHIN,69.83,4.0,9.33,MEDIUM,61.07,492
SURYAROSNI,70.74,4.0,9.08,MEDIUM,61.0,493
ROSSARI,61.88,5.0,8.64,MEDIUM,60.99,494
BERGEPAINT,70.0,4.0,9.21,MEDIUM,60.93,495
IGPL,70.22,4.0,9.13,MEDIUM,60.88,496
NAVINFLUOR,69.36,4.0,9.31,MEDIUM,60.85,497
MANALIPETC,61.31,5.0,8.67,MEDIUM,60.82,498
SAMHI,61.54,5.0,8.59,MEDIUM,60.77,499
EMBASSY,61.81,5.0,8.52,MEDIUM,60.76,500
CTE,69.84,4.0,9.13,MEDIUM,60.73,501
ACCURACY,69.5,4.0,9.2,MEDIUM,60.71,502
ARVINDFASN,61.71,5.0,8.51,MEDIUM,60.7,503
PACEDIGITK,69.78,4.0,9.12,MEDIUM,60.69,504
BFINVEST,61.33,5.0,8.58,MEDIUM,60.67,505
MBAPL,69.51,4.0,9.14,MEDIUM,60.62,506
AFFORDABLE,61.64,5.0,8.47,MEDIUM,60.6,507
KOTYARK,82.3,2.0,11.14,MEDIUM,60.59,508
TATAELXSI,61.84,5.0,8.37,MEDIUM,60.51,509
SONACOMS,69.59,4.0,9.04,MEDIUM,60.48,510
VGL,60.52,5.0,8.63,MEDIUM,60.43,511
KEI,60.62,5.0,8.59,MEDIUM,60.4,512
MTEDUCARE,68.12,4.0,9.31,MEDIUM,60.35,513
IIFLCAPS,68.32,4.0,9.24,MEDIUM,60.31,514
YASHOPTICS,68.06,4.0,9.29,MEDIUM,60.29,515
MOTILALOFS,68.58,4.0,9.15,MEDIUM,60.26,516
NUVOCO,60.3,5.0,8.56,MEDIUM,60.22,517
AGIIL,68.7,4.0,9.09,MEDIUM,60.21,518
GREENPLY,68.34,4.0,9.17,MEDIUM,60.2,519
REDTAPE,68.28,4.0,9.18,MEDIUM,60.19,520
BAJAJHIND,68.99,4.0,9.0,MEDIUM,60.17,521
ROXHITECH,52.08,6.0,7.92,MEDIUM,60.12,522
GANESHHOU,59.54,5.0,8.66,MEDIUM,60.09,523
POLYPLEX,68.4,4.0,9.06,MEDIUM,60.03,524
INDIANCARD,59.76,5.0,8.57,MEDIUM,60.02,525
MANINFRA,66.93,4.0,9.39,MEDIUM,60.01,526
CYBERMEDIA,67.08,4.0,9.34,LOW,59.99,527
DIAMONDYD,59.43,5.0,8.59,LOW,59.93,528
AKUMS,69.13,4.0,8.82,LOW,59.91,529
SANGAMIND,67.17,4.0,9.22,LOW,59.82,530
SANWARIA,66.58,4.0,9.35,LOW,59.8,531
ANIKINDS,50.85,6.0,7.98,LOW,59.73,532
INDIFRA,58.42,5.0,8.68,LOW,59.68,533
GUJRAFFIA,58.61,5.0,8.62,LOW,59.65,534
UYFINCORP,58.95,5.0,8.51,LOW,59.6,535
JNKINDIA,81.71,2.0,10.68,LOW,59.56,536
HNDFDS,67.55,4.0,8.98,LOW,59.56,537
SHRIRAMPPS,66.98,4.0,9.11,LOW,59.55,538
SPECIALITY,58.62,5.0,8.54,LOW,59.52,539
IRBINVIT,59.25,5.0,8.38,LOW,59.49,540
DHTL,57.09,5.0,8.84,LOW,59.42,541
LENSKART,59.53,5.0,8.25,LOW,59.38,542
SETL,66.98,4.0,8.98,LOW,59.33,543
SAHYADRI,65.98,4.0,9.21,LOW,59.32,544
GNFC,67.22,4.0,8.91,LOW,59.31,545
QUESS,67.0,4.0,8.96,LOW,59.3,546
SIEMENS,67.57,4.0,8.82,LOW,59.29,547
RAMCOSYS,58.56,5.0,8.41,LOW,59.27,548
CYIENT,59.27,5.0,8.24,LOW,59.26,549
COHANCE,82.58,2.0,10.29,LOW,59.24,550
NEWGEN,58.75,5.0,8.3,LOW,59.16,551
VIJIFIN,78.48,2.0,11.19,LOW,59.15,552
CMSINFO,58.96,5.0,8.23,LOW,59.12,553
KEEPLEARN,57.74,5.0,8.49,LOW,59.08,554
TPLPLASTEH,58.45,5.0,8.3,LOW,59.04,555
WAAREEINDO,67.63,4.0,8.64,LOW,59.01,556
ASHIANA,65.7,4.0,9.05,LOW,58.94,557
CHAMBLFERT,58.07,5.0,8.32,LOW,58.92,558
PATTECH,63.7,4.0,9.48,LOW,58.87,559
PONNIERODE,65.93,4.0,8.95,LOW,58.86,560
JLHL,57.71,5.0,8.32,LOW,58.78,561
SUPREMEPWR,79.82,2.0,10.64,LOW,58.74,562
RBLBANK,57.16,5.0,8.43,LOW,58.74,563
MAXIND,65.97,4.0,8.84,LOW,58.69,564
HAPPYFORGE,65.86,4.0,8.87,LOW,58.69,565
NIVABUPA,65.72,4.0,8.9,LOW,58.69,566
BIOFILCHEM,66.23,4.0,8.76,LOW,58.65,567
NARMADA,65.33,4.0,8.92,LOW,58.57,568
AYMSYNTEX,64.24,4.0,9.14,LOW,58.51,569
KRISHNADEF,65.04,4.0,8.94,LOW,58.48,570
SHAIVAL,65.61,4.0,8.79,LOW,58.46,571
SRF,65.2,4.0,8.88,LOW,58.45,572
TDPOWERSYS,79.98,2.0,10.42,LOW,58.43,573
WINDLAS,57.49,5.0,8.17,LOW,58.43,574
DBEIL,65.05,4.0,8.87,LOW,58.37,575
ADSL,65.44,4.0,8.75,LOW,58.32,576
TMPV,56.54,5.0,8.32,LOW,58.31,577
GANESHCP,39.62,7.0,7.27,LOW,58.31,578
RELIABLE,56.89,5.0,8.22,LOW,58.28,579
BCG,38.83,7.0,7.35,LOW,58.13,580
ASTRAZEN,56.51,5.0,8.22,LOW,58.12,581
DELTAMAGNT,56.14,5.0,8.29,LOW,58.1,582
GARFIBRES,56.25,5.0,8.22,LOW,58.02,583
GEOJITFSL,63.82,4.0,8.92,LOW,57.96,584
PRIVISCL,64.3,4.0,8.76,LOW,57.88,585
BSE,79.11,2.0,10.3,LOW,57.87,586
MOREPENLAB,64.11,4.0,8.77,LOW,57.82,587
PGIL,55.76,5.0,8.21,LOW,57.81,588
CELLECOR,77.64,2.0,10.59,LOW,57.78,589
CLEAN,64.27,4.0,8.68,LOW,57.73,590
TCS,56.43,5.0,7.99,LOW,57.7,591
BOMDYEING,63.28,4.0,8.87,LOW,57.66,592
RKSWAMY,54.49,5.0,8.42,LOW,57.66,593
INDGN,63.83,4.0,8.73,LOW,57.64,594
KSL,55.46,5.0,8.17,LOW,57.62,595
SINDHUTRAD,54.73,5.0,8.3,LOW,57.55,596
BAJAJ-AUTO,63.08,4.0,8.74,LOW,57.36,597
EMKAY,54.93,5.0,8.13,LOW,57.34,598
AHCL,80.11,2.0,9.75,LOW,57.33,599
RML,62.02,4.0,8.97,LOW,57.33,600
ANDHRSUGAR,63.0,4.0,8.72,LOW,57.29,601
UNITEDTEA,46.26,6.0,7.62,LOW,57.28,602
KAKATCEM,62.44,4.0,8.79,LOW,57.19,603
ALPA,63.11,4.0,8.61,LOW,57.15,604
KHAITANLTD,77.36,2.0,10.27,LOW,57.12,605
TATAPOWER,72.16,3.0,8.98,LOW,57.12,606
SHREMINVIT,63.01,4.0,8.62,LOW,57.12,607
BLUECOAST,76.42,2.0,10.48,LOW,57.11,608
AFFLE,62.8,4.0,8.66,LOW,57.11,609
NORTHARC,61.67,4.0,8.92,LOW,57.1,610
RTNPOWER,62.85,4.0,8.62,LOW,57.06,611
MEDPLUS,62.83,4.0,8.62,LOW,57.05,612
BASML,62.36,4.0,8.73,LOW,57.05,613
LATENTVIEW,54.15,5.0,8.14,LOW,57.04,614
LUMAXTECH,54.59,5.0,7.96,LOW,56.91,615
EQUITASBNK,61.93,4.0,8.71,LOW,56.85,616
JSWCEMENT,53.93,5.0,8.08,LOW,56.85,617
DBOL,62.37,4.0,8.57,LOW,56.78,618
KESORAMIND,76.88,2.0,10.18,LOW,56.77,619
LLOYDSENT,77.99,2.0,9.91,LOW,56.76,620
NDTV,53.61,5.0,8.07,LOW,56.71,621
IRB,62.62,4.0,8.45,LOW,56.68,622
MUKANDLTD,61.9,4.0,8.58,LOW,56.61,623
APOLLOPIPE,78.05,2.0,9.75,LOW,56.51,624
ICICIAMC,61.7,4.0,8.57,LOW,56.51,625
SIL,61.35,4.0,8.65,LOW,56.51,626
ZEEL,60.52,4.0,8.84,LOW,56.51,627
JPPOWER,78.63,2.0,9.61,LOW,56.5,628
ORIENTBELL,61.22,4.0,8.67,LOW,56.49,629
BANSWRAS,60.92,4.0,8.72,LOW,56.46,630
MDL,69.11,3.0,9.28,LOW,56.41,631
MARC,74.95,2.0,10.38,LOW,56.35,632
UMESLTD,68.83,3.0,9.31,LOW,56.35,633
BIKAJI,61.52,4.0,8.51,LOW,56.34,634
NAGREEKEXP,60.99,4.0,8.63,LOW,56.33,635
KPITTECH,69.71,3.0,9.08,LOW,56.31,636
EUROPRATIK,61.34,4.0,8.53,LOW,56.3,637
CORONA,76.25,2.0,10.04,LOW,56.28,638
CARBORUNIV,77.26,2.0,9.79,LOW,56.26,639
TASTYBITE,61.29,4.0,8.5,LOW,56.23,640
KALYANI,60.35,4.0,8.69,LOW,56.18,641
VARROC,60.55,4.0,8.63,LOW,56.16,642
LTM,53.26,5.0,7.83,LOW,56.16,643
NINSYS,83.65,0.0,13.21,LOW,56.11,644
AEQUS,76.55,2.0,9.85,LOW,56.08,645
SHIVAMILLS,60.15,4.0,8.68,LOW,56.08,646
AIRAN,52.29,5.0,7.96,LOW,55.99,647
INDIGOPNTS,59.55,4.0,8.73,LOW,55.93,648
KORE,60.41,4.0,8.51,LOW,55.9,649
VIDYAWIRES,84.68,0.0,12.84,LOW,55.88,650
ARTEMISMED,59.05,4.0,8.82,LOW,55.88,651
ONEPOINT,76.72,2.0,9.67,LOW,55.84,652
CELLPOINT,60.22,4.0,8.52,LOW,55.84,653
GKSL,75.6,2.0,9.93,LOW,55.83,654
ASIANHOTNR,59.92,4.0,8.58,LOW,55.82,655
BBL,69.01,3.0,8.94,LOW,55.79,656
SABAR,50.42,5.0,8.24,LOW,55.72,657
JAYNECOIND,76.46,2.0,9.62,LOW,55.65,658
AMANTA,60.09,4.0,8.42,LOW,55.61,659
STCINDIA,59.6,4.0,8.53,LOW,55.61,660
SANDUMA,59.63,4.0,8.48,LOW,55.53,661
KARNIKA,59.25,4.0,8.56,LOW,55.52,662
ASAHIINDIA,51.02,5.0,7.94,LOW,55.45,663
LGEINDIA,60.09,4.0,8.31,LOW,55.42,664
SMARTLINK,75.43,2.0,9.72,LOW,55.41,665
KANSAINER,59.06,4.0,8.54,LOW,55.41,666
PAGEIND,68.0,3.0,8.93,LOW,55.37,667
IMFA,59.48,4.0,8.42,LOW,55.37,668
AUROPHARMA,76.32,2.0,9.48,LOW,55.35,669
MUFTI,50.23,5.0,8.05,LOW,55.32,670
SANCO,72.5,2.0,10.35,LOW,55.31,671
ATLANTAELE,84.31,0.0,12.58,LOW,55.29,672
KSHITIJPOL,82.3,0.0,13.05,LOW,55.29,673
GKWLIMITED,58.69,4.0,8.55,LOW,55.28,674
SGMART,75.51,2.0,9.57,LOW,55.18,675
VENUSREM,84.53,0.0,12.41,LOW,55.09,676
PITTIENG,59.0,4.0,8.36,LOW,55.07,677
PDSL,50.29,5.0,7.89,LOW,55.07,678
V2RETAIL,58.57,4.0,8.44,LOW,55.04,679
LTTS,59.05,4.0,8.32,LOW,55.03,680
AURIONPRO,67.22,3.0,8.91,LOW,55.02,681
JAGSNPHARM,75.18,2.0,9.52,LOW,54.96,682
VALIANTORG,75.08,2.0,9.54,LOW,54.96,683
KIMS,58.19,4.0,8.47,LOW,54.94,684
INDHOTEL,50.24,5.0,7.82,LOW,54.93,685
UFLEX,49.47,5.0,7.97,LOW,54.88,686
STEELCAS,58.43,4.0,8.36,LOW,54.85,687
COMMITTED,74.02,2.0,9.72,LOW,54.84,688
SMLT,58.42,4.0,8.35,LOW,54.83,689
BSHSL,49.57,5.0,7.9,LOW,54.8,690
ARE&M,57.73,4.0,8.49,LOW,54.79,691
QUADFUTURE,67.37,3.0,8.72,LOW,54.75,692
TTKPRESTIG,57.51,4.0,8.52,LOW,54.75,693
SCHNEIDER,73.05,2.0,9.84,LOW,54.66,694
SADHNANIQ,72.97,2.0,9.84,LOW,54.63,695
BOSCHLTD,58.32,4.0,8.26,LOW,54.63,696
DIGISPICE,57.12,4.0,8.52,LOW,54.6,697
MARKOLINES,57.44,4.0,8.43,LOW,54.57,698
SPMLINFRA,74.74,2.0,9.39,LOW,54.56,699
RADAAN,40.62,6.0,7.33,LOW,54.53,700
UFBL,82.82,0.0,12.47,LOW,54.51,701
FIEMIND,57.84,4.0,8.3,LOW,54.51,702
CREDITACC,57.46,4.0,8.39,LOW,54.51,703
STAR,73.57,2.0,9.59,LOW,54.44,704
EVINDIA,48.8,5.0,7.85,LOW,54.41,705
EMAMIREAL,71.79,2.0,9.95,LOW,54.34,706
RPGLIFE,73.62,2.0,9.51,LOW,54.32,707
GINNIFILA,57.11,4.0,8.33,LOW,54.27,708
CAMS,74.34,2.0,9.29,LOW,54.23,709
AERONEU,73.18,2.0,9.52,LOW,54.16,710
SHRIPISTON,57.2,4.0,8.22,LOW,54.11,711
SUPRIYA,31.41,7.0,6.71,LOW,54.07,712
GLFL,55.74,4.0,8.52,LOW,54.04,713
NGIL,49.18,5.0,7.54,LOW,54.03,714
LRRPL,72.5,2.0,9.59,LOW,54.01,715
KELLTONTEC,48.13,5.0,7.75,LOW,53.97,716
APCL,47.78,5.0,7.82,LOW,53.95,717
PARIN,47.19,5.0,7.96,LOW,53.95,718
CHEMICAL,56.33,4.0,8.32,LOW,53.94,719
HLEGLAS,31.21,7.0,6.67,LOW,53.92,720
SOLEX,72.53,2.0,9.5,LOW,53.87,721
OPTIEMUS,56.48,4.0,8.19,LOW,53.77,722
GGBL,72.72,2.0,9.39,LOW,53.76,723
GMRP&UI,48.06,5.0,7.64,LOW,53.75,724
AEROENTER,72.61,2.0,9.4,LOW,53.73,725
RAMRAT,72.48,2.0,9.38,LOW,53.64,726
BHARATWIRE,73.02,2.0,9.24,LOW,53.62,727
KRITINUT,72.03,2.0,9.47,LOW,53.62,728
GPTINFRA,47.21,5.0,7.69,LOW,53.5,729
EUROTEXIND,70.91,2.0,9.64,LOW,53.46,730
ROCKINGDCE,55.04,4.0,8.32,LOW,53.42,731
RAJSREESUG,72.1,2.0,9.33,LOW,53.41,732
JAINAM,68.47,2.0,10.12,LOW,53.31,733
KPEL,72.14,2.0,9.26,LOW,53.3,734
ONWARDTEC,55.21,4.0,8.21,LOW,53.3,735
UCL,79.51,0.0,12.52,LOW,53.27,736
ENDURANCE,54.35,4.0,8.39,LOW,53.27,737
UFO,54.9,4.0,8.24,LOW,53.23,738
LALPATHLAB,71.42,2.0,9.37,LOW,53.2,739
INDOTECH,82.82,0.0,11.66,LOW,53.12,740
CLSEL,54.8,4.0,8.17,LOW,53.07,741
GOKUL,54.54,4.0,8.23,LOW,53.07,742
CHEMBONDCH,70.21,2.0,9.57,LOW,53.06,743
AUSOMENT,70.38,2.0,9.51,LOW,53.03,744
GENUSPOWER,71.29,2.0,9.27,LOW,52.98,745
RAMCOIND,54.61,4.0,8.16,LOW,52.98,746
NAHARPOLY,54.98,4.0,8.07,LOW,52.97,747
MAMATA,55.0,4.0,8.05,LOW,52.94,748
BHAGCHEM,70.61,2.0,9.36,LOW,52.86,749
FEDERALBNK,46.06,5.0,7.59,LOW,52.86,750
LOKESHMACH,70.89,2.0,9.29,LOW,52.85,751
LT,46.13,5.0,7.52,LOW,52.77,752
CERA,70.98,2.0,9.21,LOW,52.75,753
PRIZOR,80.05,0.0,12.08,LOW,52.73,754
VISAKAIND,70.39,2.0,9.33,LOW,52.72,755
SHREEPUSHK,70.71,2.0,9.23,LOW,52.68,756
ELM250,45.55,5.0,7.6,LOW,52.68,757
SHADOWFAX,82.99,0.0,11.36,LOW,52.67,758
TCL,53.68,4.0,8.2,LOW,52.67,759
CIPLA,62.09,3.0,8.72,LOW,52.64,760
SILKFLEX,68.29,2.0,9.76,LOW,52.62,761
SHIGAN,67.83,2.0,9.86,LOW,52.61,762
ACCORD,78.03,0.0,12.47,LOW,52.59,763
20MICRONS,53.72,4.0,8.13,LOW,52.57,764
MFML,70.41,2.0,9.21,LOW,52.52,765
PNBHOUSING,69.75,2.0,9.36,LOW,52.52,766
NIBE,82.5,0.0,11.38,LOW,52.51,767
BOSCH-HCIL,53.5,4.0,8.13,LOW,52.48,768
ANLON,79.32,0.0,12.08,LOW,52.44,769
MICEL,70.46,2.0,9.15,LOW,52.44,770
LAXMIINDIA,68.44,2.0,9.62,LOW,52.44,771
SECMARK,53.56,4.0,8.05,LOW,52.37,772
SHILPAMED,83.55,0.0,10.98,LOW,52.24,773
RATEGAIN,83.39,0.0,10.98,LOW,52.18,774
FIDEL,68.4,2.0,9.47,LOW,52.17,775
GMRAIRPORT,53.29,4.0,7.99,LOW,52.16,776
BANSALWIRE,69.81,2.0,9.08,LOW,52.06,777
SUPREMEINF,52.09,4.0,8.21,LOW,52.05,778
ENSER,69.18,2.0,9.18,LOW,51.98,779
MTNL,78.79,0.0,11.9,LOW,51.92,780
VINEETLAB,69.44,2.0,9.06,LOW,51.88,781
INOXINDIA,69.2,2.0,9.11,LOW,51.87,782
SPORTKING,81.23,0.0,11.3,LOW,51.86,783
CYIENTDLM,82.48,0.0,11.0,LOW,51.85,784
AARTIDRUGS,61.05,3.0,8.5,LOW,51.85,785
PTC,69.62,2.0,8.99,LOW,51.83,786
QMSMEDI,51.63,4.0,8.18,LOW,51.82,787
INTLCONV,52.53,4.0,7.94,LOW,51.77,788
TBOTEK,43.73,5.0,7.47,LOW,51.73,789
SYRMA,83.77,0.0,10.62,LOW,51.71,790
WEIZMANIND,80.84,0.0,11.29,LOW,51.69,791
LIKHITHA,69.29,2.0,8.96,LOW,51.65,792
ALKALI,80.28,0.0,11.39,LOW,51.64,793
TATSILV,51.43,4.0,8.08,LOW,51.57,794
SKYGOLD,81.6,0.0,11.02,LOW,51.53,795
ROSSELLIND,68.33,2.0,9.1,LOW,51.5,796
HALEOSLABS,67.55,2.0,9.28,LOW,51.5,797
MODTHREAD,68.29,2.0,9.09,LOW,51.47,798
ZIMLAB,81.36,0.0,11.0,LOW,51.4,799
RCDL,42.28,5.0,7.59,LOW,51.35,800
INSPIRISYS,79.74,0.0,11.34,LOW,51.34,801
HARDWYN,82.23,0.0,10.74,LOW,51.3,802
BROOKS,60.62,3.0,8.28,LOW,51.3,803
CUPID,81.24,0.0,10.96,LOW,51.28,804
ARFIN,67.86,2.0,9.07,LOW,51.26,805
ARISTO,65.72,2.0,9.56,LOW,51.25,806
ABSLAMC,68.39,2.0,8.91,LOW,51.2,807
SELECTIPO,51.18,4.0,7.92,LOW,51.19,808
PRUDENT,68.11,2.0,8.95,LOW,51.16,809
EMIL,67.23,2.0,9.12,LOW,51.1,810
GOCLCORP,81.13,0.0,10.86,LOW,51.07,811
IRMENERGY,66.59,2.0,9.24,LOW,51.05,812
BODALCHEM,82.28,0.0,10.57,LOW,51.03,813
REDINGTON,42.79,5.0,7.28,LOW,51.02,814
INTERNET,50.94,4.0,7.86,LOW,50.99,815
CPS,41.84,5.0,7.47,LOW,50.97,816
VISASTEEL,78.51,0.0,11.4,LOW,50.95,817
NYKAA,50.68,4.0,7.89,LOW,50.94,818
PRESTIGE,50.33,4.0,7.9,LOW,50.82,819
EPIGRAL,66.72,2.0,9.05,LOW,50.77,820
GESHIP,66.92,2.0,8.99,LOW,50.75,821
GOKEX,50.08,4.0,7.92,LOW,50.75,822
SSWL,33.24,6.0,6.85,LOW,50.75,823
PODDARMENT,50.13,4.0,7.9,LOW,50.74,824
IKIO,66.99,2.0,8.95,LOW,50.71,825
TTML,41.54,5.0,7.38,LOW,50.7,826
RATNAVEER,66.55,2.0,9.04,LOW,50.69,827
MGL,42.11,5.0,7.23,LOW,50.67,828
CENTUM,82.24,0.0,10.35,LOW,50.64,829
MOHITIND,49.97,4.0,7.88,LOW,50.64,830
CAPTRUST,49.51,4.0,7.99,LOW,50.64,831
GKENERGY,67.27,2.0,8.84,LOW,50.63,832
PIDILITIND,49.87,4.0,7.89,LOW,50.62,833
GAIL,49.96,4.0,7.86,LOW,50.6,834
BLUESTONE,58.38,3.0,8.39,LOW,50.59,835
GANDHAR,41.51,5.0,7.27,LOW,50.5,836
SHAH,49.97,4.0,7.79,LOW,50.49,837
HCLTECH,42.26,5.0,7.09,LOW,50.49,838
GRANULES,81.58,0.0,10.37,LOW,50.41,839
CONCORDBIO,49.52,4.0,7.85,LOW,50.41,840
AKIKO,64.53,2.0,9.33,LOW,50.38,841
BORORENEW,66.64,2.0,8.76,LOW,50.24,842
HAL,66.76,2.0,8.71,LOW,50.21,843
RADIOCITY,49.19,4.0,7.79,LOW,50.17,844
CHEMBOND,65.2,2.0,9.04,LOW,50.15,845
PIRAMALFIN,64.94,2.0,9.1,LOW,50.15,846
AIMTRON,79.26,0.0,10.75,LOW,50.13,847
BSL,49.19,4.0,7.76,LOW,50.12,848
COFFEEDAY,79.17,0.0,10.74,LOW,50.08,849
SENORES,80.74,0.0,10.37,LOW,50.07,850
WEALTH,48.86,4.0,7.79,LOW,50.04,851
VIJAYA,80.47,0.0,10.41,LOW,50.03,852
CLEDUCATE,57.55,3.0,8.24,LOW,50.0,853
MWL,77.78,0.0,11.0,LOW,49.97,854
TEMBO,65.62,2.0,8.83,LOW,49.96,855
SKMEGGPROD,79.35,0.0,10.62,LOW,49.95,856
ROLLT,76.5,0.0,11.29,LOW,49.95,857
INFINIUM,48.6,4.0,7.78,LOW,49.92,858
WALCHANNAG,79.93,0.0,10.46,LOW,49.9,859
ANTHEM,65.65,2.0,8.78,LOW,49.88,860
MMTC,48.67,4.0,7.74,LOW,49.88,861
SUTLEJTEX,65.43,2.0,8.82,LOW,49.86,862
ANGELONE,80.49,0.0,10.29,LOW,49.84,863
BLBLIMITED,48.32,4.0,7.8,LOW,49.84,864
KECL,65.92,2.0,8.68,LOW,49.82,865
CMRSL,47.96,4.0,7.86,LOW,49.8,866
JMA,48.0,4.0,7.84,LOW,49.78,867
KICL,47.85,4.0,7.87,LOW,49.77,868
KRONOX,65.24,2.0,8.8,LOW,49.75,869
HCC,80.0,0.0,10.35,LOW,49.74,870
SANDHAR,78.53,0.0,10.68,LOW,49.72,871
URJA,65.18,2.0,8.77,LOW,49.68,872
SIGIND,48.39,4.0,7.69,LOW,49.68,873
SUDARCOLOR,56.47,3.0,8.26,LOW,49.61,874
DEFENCE,79.37,0.0,10.4,LOW,49.58,875
ASCOM,64.45,2.0,8.88,LOW,49.57,876
TVSSCS,48.08,4.0,7.69,LOW,49.56,877
STYLAMIND,78.69,0.0,10.53,LOW,49.53,878
LPDC,64.65,2.0,8.81,LOW,49.53,879
KNRCON,47.37,4.0,7.81,LOW,49.48,880
VINYLINDIA,64.41,2.0,8.81,LOW,49.44,881
WANBURY,47.72,4.0,7.7,LOW,49.43,882
MADHUCON,64.15,2.0,8.84,LOW,49.39,883
MEESHO,63.69,2.0,8.95,LOW,49.39,884
SANGHVIMOV,79.46,0.0,10.26,LOW,49.37,885
LAL,56.06,3.0,8.22,LOW,49.37,886
ATHERENERG,79.76,0.0,10.18,LOW,49.36,887
FOSECOIND,47.08,4.0,7.81,LOW,49.36,888
DEEM,76.44,0.0,10.93,LOW,49.31,889
DBREALTY,64.7,2.0,8.67,LOW,49.31,890
ANURAS,64.39,2.0,8.74,LOW,49.31,891
AILIMITED,63.13,2.0,9.03,LOW,49.3,892
AMEYA,64.0,2.0,8.82,LOW,49.29,893
PYRAMID,63.93,2.0,8.82,LOW,49.26,894
FALCONTECH,46.27,4.0,7.92,LOW,49.23,895
KOTHARIPRO,64.39,2.0,8.69,LOW,49.22,896
KMEW,63.93,2.0,8.79,LOW,49.21,897
NESTLEIND,63.85,2.0,8.81,LOW,49.21,898
EXCELSOFT,64.7,2.0,8.59,LOW,49.18,899
MCX,63.72,2.0,8.79,LOW,49.13,900
FELIX,46.68,4.0,7.77,LOW,49.13,901
JBCHEPHARM,63.75,2.0,8.75,LOW,49.07,902
MASTER,63.52,2.0,8.8,LOW,49.07,903
ATAM,63.63,2.0,8.76,LOW,49.04,904
HINDCON,63.83,2.0,8.7,LOW,49.02,905
VSTIND,64.11,2.0,8.6,LOW,48.96,906
CMNL,46.34,4.0,7.75,LOW,48.96,907
ENRIN,78.93,0.0,10.13,LOW,48.94,908
RESPONIND,38.18,5.0,7.13,LOW,48.92,909
SOMANYCERA,78.35,0.0,10.18,LOW,48.79,910
PHOENIXLTD,46.3,4.0,7.66,LOW,48.79,911
UNIHEALTH,63.36,2.0,8.67,LOW,48.78,912
FIVESTAR,46.22,4.0,7.65,LOW,48.75,913
MANAPPURAM,62.02,2.0,8.95,LOW,48.72,914
SAKHTISUG,63.36,2.0,8.63,LOW,48.71,915
MRPL,79.97,0.0,9.74,LOW,48.69,916
POCL,62.29,2.0,8.87,LOW,48.69,917
BALAXI,79.65,0.0,9.81,LOW,48.68,918
HECPROJECT,54.85,3.0,8.1,LOW,48.68,919
ALPEXSOLAR,78.9,0.0,9.94,LOW,48.6,920
LLOYDSENGG,46.18,4.0,7.56,LOW,48.57,921
UGARSUGAR,62.82,2.0,8.67,LOW,48.56,922
APOLLOHOSP,62.91,2.0,8.64,LOW,48.55,923
HINDZINC,62.53,2.0,8.72,LOW,48.53,924
DHAMPURSUG,62.88,2.0,8.63,LOW,48.52,925
MADHUSUDAN,62.37,2.0,8.75,LOW,48.52,926
MAHESHWARI,77.61,0.0,10.19,LOW,48.51,927
RUCHINFRA,62.84,2.0,8.61,LOW,48.47,928
MGEL,77.11,0.0,10.2,LOW,48.33,929
3IINFOLTD,79.32,0.0,9.68,LOW,48.32,930
TECHM,79.33,0.0,9.67,LOW,48.31,931
ARVIND,75.77,0.0,10.5,LOW,48.31,932
BCLIND,62.48,2.0,8.6,LOW,48.31,933
SARTELE,76.04,0.0,10.43,LOW,48.3,934
SRHHYPOLTD,61.99,2.0,8.7,LOW,48.28,935
SSFL,74.46,0.0,10.78,LOW,48.26,936
HARSHA,62.7,2.0,8.51,LOW,48.24,937
SHEKHAWATI,61.61,2.0,8.69,LOW,48.11,938
MEDANTA,61.58,2.0,8.69,LOW,48.1,939
VIPIND,36.77,5.0,6.98,LOW,48.1,940
BUTTERFLY,61.66,2.0,8.66,LOW,48.08,941
HUDCO,61.71,2.0,8.64,LOW,48.07,942
UMIYA-MRO,45.09,4.0,7.52,LOW,48.07,943
KARURVYSYA,35.95,5.0,7.15,LOW,48.07,944
GLOTTIS,77.26,0.0,9.97,LOW,48.0,945
PARKHOSPS,74.76,0.0,10.54,LOW,47.97,946
PROPEQUITY,60.31,2.0,8.91,LOW,47.97,947
IL&FSENGG,61.7,2.0,8.56,LOW,47.93,948
TARACHAND,45.13,4.0,7.42,LOW,47.91,949
DEEPAKNTR,61.1,2.0,8.68,LOW,47.89,950
INFOBEAN,36.92,5.0,6.82,LOW,47.89,951
JAYAGROGN,76.62,0.0,10.05,LOW,47.88,952
FINCABLES,61.31,2.0,8.62,LOW,47.87,953
BSOFT,36.9,5.0,6.81,LOW,47.86,954
PRIMO,61.59,2.0,8.51,LOW,47.8,955
GAEL,61.09,2.0,8.63,LOW,47.8,956
AETHER,61.63,2.0,8.5,LOW,47.79,957
FLUOROCHEM,61.15,2.0,8.59,LOW,47.76,958
TIPSFILMS,43.92,4.0,7.61,LOW,47.76,959
DUCON,44.08,4.0,7.55,LOW,47.72,960
STLNETWORK,76.14,0.0,10.06,LOW,47.7,961
VSSL,60.91,2.0,8.61,LOW,47.7,962
NDRAUTO,60.5,2.0,8.66,LOW,47.62,963
MAGSON,60.98,2.0,8.54,LOW,47.6,964
AUTOIND,59.42,2.0,8.9,LOW,47.6,965
NACLIND,61.3,2.0,8.46,LOW,47.59,966
SYNGENE,61.18,2.0,8.47,LOW,47.56,967
CEIGALL,76.59,0.0,9.78,LOW,47.4,968
PRAJIND,60.5,2.0,8.49,LOW,47.33,969
KAMATHOTEL,51.85,3.0,8.01,LOW,47.33,970
SOLARWORLD,60.32,2.0,8.5,LOW,47.27,971
MANUGRAPH,59.5,2.0,8.69,LOW,47.27,972
KPIGREEN,77.34,0.0,9.5,LOW,47.22,973
HINDWAREAP,42.84,4.0,7.55,LOW,47.22,974
VILINBIO,74.21,0.0,10.21,LOW,47.19,975
BALKRISHNA,59.82,2.0,8.57,LOW,47.19,976
CLSL,42.97,4.0,7.5,LOW,47.19,977
GVT&D,76.05,0.0,9.77,LOW,47.17,978
SANOFICONR,60.72,2.0,8.35,LOW,47.17,979
ASALCBR,43.07,4.0,7.46,LOW,47.16,980
NOCIL,59.98,2.0,8.49,LOW,47.12,981
CEWATER,60.23,2.0,8.39,LOW,47.05,982
PCCL,59.58,2.0,8.54,LOW,47.04,983
SIGACHI,60.13,2.0,8.4,LOW,47.02,984
MANKIND,59.49,2.0,8.55,LOW,47.02,985
MAWANASUG,59.65,2.0,8.49,LOW,46.99,986
NAVKARURB,50.59,3.0,8.09,LOW,46.96,987
OMFURN,59.02,2.0,8.61,LOW,46.94,988
OMFREIGHT,59.26,2.0,8.55,LOW,46.93,989
POLICYBZR,59.35,2.0,8.51,LOW,46.9,990
PPLPHARMA,58.7,2.0,8.65,LOW,46.88,991
DENEERS,73.59,0.0,10.17,LOW,46.87,992
METROPOLIS,75.55,0.0,9.7,LOW,46.85,993
ESSENTIA,74.14,0.0,10.03,LOW,46.85,994
RKFORGE,59.32,2.0,8.48,LOW,46.84,995
APTUS,59.05,2.0,8.54,LOW,46.83,996
ATMASTCO,58.39,2.0,8.69,LOW,46.82,997
DWARKESH,59.46,2.0,8.43,LOW,46.81,998
NAHARINDUS,74.94,0.0,9.81,LOW,46.79,999
GABRIEL,59.02,2.0,8.52,LOW,46.79,1000
INDUSINDBK,41.76,4.0,7.53,LOW,46.76,1001
NITINSPIN,73.98,0.0,10.01,LOW,46.75,1002
KONSTELEC,74.23,0.0,9.94,LOW,46.73,1003
VIYASH,74.66,0.0,9.83,LOW,46.72,1004
CCL,59.64,2.0,8.34,LOW,46.72,1005
RELAXO,50.67,3.0,7.93,LOW,46.72,1006
BALMLAWRIE,59.25,2.0,8.42,LOW,46.71,1007
ADANIPORTS,75.22,0.0,9.69,LOW,46.7,1008
NUVAMA,74.63,0.0,9.77,LOW,46.6,1009
MODIRUBBER,58.91,2.0,8.44,LOW,46.6,1010
DHANUKA,58.56,2.0,8.52,LOW,46.6,1011
ASKAUTOLTD,59.04,2.0,8.4,LOW,46.59,1012
FOCUS,74.88,0.0,9.69,LOW,46.56,1013
ANUP,59.11,2.0,8.36,LOW,46.55,1014
NRBBEARING,73.2,0.0,10.07,LOW,46.54,1015
LATTEYS,58.6,2.0,8.47,LOW,46.53,1016
NITTAGELA,74.58,0.0,9.73,LOW,46.51,1017
NMDC,75.39,0.0,9.52,LOW,46.48,1018
DMCC,58.93,2.0,8.36,LOW,46.47,1019
AXISCADES,58.65,2.0,8.39,LOW,46.41,1020
CENTURYPLY,58.78,2.0,8.32,LOW,46.35,1021
ORKLAINDIA,58.9,2.0,8.29,LOW,46.34,1022
RATNAMANI,58.44,2.0,8.39,LOW,46.33,1023
CRAFTSMAN,74.11,0.0,9.73,LOW,46.32,1024
AVL,58.71,2.0,8.29,LOW,46.27,1025
TORNTPHARM,58.38,2.0,8.37,LOW,46.27,1026
ALIVUS,75.76,0.0,9.31,LOW,46.26,1027
MARICO,58.0,2.0,8.44,LOW,46.24,1028
SUYOG,58.4,2.0,8.34,LOW,46.23,1029
VIKRAN,58.48,2.0,8.31,LOW,46.21,1030
VIMTALABS,59.08,2.0,8.16,LOW,46.19,1031
INCREDIBLE,58.22,2.0,8.33,LOW,46.14,1032
INDIAGLYCO,58.18,2.0,8.34,LOW,46.14,1033
CURAA,74.14,0.0,9.6,LOW,46.11,1034
IZMO,74.52,0.0,9.5,LOW,46.09,1035
REMUS,57.07,2.0,8.57,LOW,46.09,1036
TNTELE,58.42,2.0,8.22,LOW,46.03,1037
SCI,57.86,2.0,8.35,LOW,46.03,1038
IGARASHI,57.27,2.0,8.48,LOW,46.02,1039
MANBA,40.73,4.0,7.34,LOW,46.02,1040
ROLEXRINGS,57.79,2.0,8.33,LOW,45.97,1041
MAZDA,73.94,0.0,9.56,LOW,45.96,1042
ELECON,72.85,0.0,9.8,LOW,45.94,1043
PRITIKAUTO,57.82,2.0,8.28,LOW,45.89,1044
WAAREERTL,58.15,2.0,8.19,LOW,45.87,1045
SHIVAUM,56.98,2.0,8.42,LOW,45.8,1046
XTGLOBAL,23.72,6.0,6.18,LOW,45.8,1047
SANGANI,56.69,2.0,8.48,LOW,45.78,1048
VETO,73.05,0.0,9.64,LOW,45.75,1049
KRN,58.31,2.0,8.08,LOW,45.75,1050
FACT,57.02,2.0,8.38,LOW,45.75,1051
AMAGI,73.09,0.0,9.61,LOW,45.71,1052
MANORG,72.91,0.0,9.64,LOW,45.69,1053
BHARATCOAL,73.76,0.0,9.43,LOW,45.67,1054
CROMPTON,56.93,2.0,8.36,LOW,45.67,1055
BEML,57.49,2.0,8.22,LOW,45.66,1056
SPENCERS,56.92,2.0,8.35,LOW,45.65,1057
SHYAMMETL,73.17,0.0,9.55,LOW,45.64,1058
TATACHEM,57.01,2.0,8.32,LOW,45.64,1059
KAMOPAINTS,57.29,2.0,8.25,LOW,45.63,1060
MEDIORG,55.71,2.0,8.6,LOW,45.6,1061
RUCHIRA,56.9,2.0,8.31,LOW,45.58,1062
SJS,72.32,0.0,9.71,LOW,45.57,1063
VIPULLTD,72.28,0.0,9.71,LOW,45.56,1064
TIMKEN,57.07,2.0,8.23,LOW,45.51,1065
DRREDDY,56.92,2.0,8.26,LOW,45.5,1066
MAHSEAMLES,57.0,2.0,8.23,LOW,45.48,1067
NTPC,40.1,4.0,7.17,LOW,45.47,1068
HTMEDIA,39.58,4.0,7.29,LOW,45.47,1069
SONAMAC,40.25,4.0,7.12,LOW,45.45,1070
ESAFSFB,55.33,2.0,8.59,LOW,45.43,1071
JINDWORLD,72.79,0.0,9.51,LOW,45.42,1072
LAKPRE,56.46,2.0,8.32,LOW,45.42,1073
RSYSTEMS,57.18,2.0,8.15,LOW,45.41,1074
KOLTEPATIL,56.52,2.0,8.29,LOW,45.39,1075
PVP,57.22,2.0,8.12,LOW,45.38,1076
SURYALAXMI,56.41,2.0,8.31,LOW,45.38,1077
ABBOTINDIA,56.68,2.0,8.24,LOW,45.37,1078
MODIS,56.26,2.0,8.33,LOW,45.36,1079
NESCO,56.87,2.0,8.18,LOW,45.34,1080
MUTHOOTMF,56.43,2.0,8.28,LOW,45.34,1081
CHOLAFIN,72.62,0.0,9.49,LOW,45.32,1082
JWL,56.75,2.0,8.18,LOW,45.29,1083
JOCIL,71.64,0.0,9.7,LOW,45.28,1084
SYLVANPLY,55.96,2.0,8.35,LOW,45.27,1085
3MINDIA,47.69,3.0,7.76,LOW,45.24,1086
GUJALKALI,72.62,0.0,9.44,LOW,45.23,1087
VINYAS,72.26,0.0,9.52,LOW,45.22,1088
COSMOFIRST,55.47,2.0,8.42,LOW,45.19,1089
TRAVELFOOD,47.95,3.0,7.66,LOW,45.17,1090
ZYDUSLIFE,72.24,0.0,9.49,LOW,45.16,1091
WIPL,56.55,2.0,8.14,LOW,45.15,1092
KLL,39.34,4.0,7.15,LOW,45.14,1093
PVSL,55.96,2.0,8.27,LOW,45.13,1094
DLF,47.86,3.0,7.65,LOW,45.12,1095
TATASTEEL,56.36,2.0,8.15,LOW,45.09,1096
ALBERTDAVD,56.13,2.0,8.15,LOW,44.99,1097
ZENSARTECH,39.87,4.0,6.93,LOW,44.97,1098
KSCL,55.87,2.0,8.19,LOW,44.96,1099
MMP,55.26,2.0,8.33,LOW,44.96,1100
KCP,56.04,2.0,8.14,LOW,44.94,1101
HGS,55.76,2.0,8.18,LOW,44.9,1102
TIGERLOGS,55.55,2.0,8.23,LOW,44.9,1103
WINDMACHIN,55.86,2.0,8.14,LOW,44.87,1104
ELGIRUBCO,55.5,2.0,8.21,LOW,44.85,1105
RAINBOW,72.27,0.0,9.29,LOW,44.83,1106
MOSCHIP,72.22,0.0,9.3,LOW,44.83,1107
IBLFL,70.25,0.0,9.75,LOW,44.81,1108
DHANLAXMI,55.14,2.0,8.26,LOW,44.79,1109
RKDL,55.5,2.0,8.17,LOW,44.78,1110
TIIL,55.4,2.0,8.19,LOW,44.77,1111
RPOWER,55.5,2.0,8.16,LOW,44.76,1112
OIL,55.29,2.0,8.19,LOW,44.73,1113
TATACONSUM,55.04,2.0,8.23,LOW,44.7,1114
GENESYS,47.22,3.0,7.55,LOW,44.69,1115
GEMAROMA,70.13,0.0,9.67,LOW,44.63,1116
PICCADIL,55.1,2.0,8.16,LOW,44.6,1117
BEPL,72.34,0.0,9.13,LOW,44.59,1118
EMULTIMQ,55.08,2.0,8.16,LOW,44.59,1119
LXCHEM,71.53,0.0,9.31,LOW,44.57,1120
SAILIFE,70.96,0.0,9.44,LOW,44.57,1121
RTNINDIA,71.79,0.0,9.23,LOW,44.54,1122
BALPHARMA,71.05,0.0,9.39,LOW,44.52,1123
SIDDHIKA,55.01,2.0,8.12,LOW,44.5,1124
MUNJALAU,54.3,2.0,8.28,LOW,44.49,1125
ZUARIIND,70.83,0.0,9.42,LOW,44.48,1126
JUBLPHARMA,71.42,0.0,9.27,LOW,44.46,1127
LUMAXIND,37.71,4.0,7.12,LOW,44.43,1128
SADBHAV,29.53,5.0,6.53,LOW,44.43,1129
ATLANTAA,54.86,2.0,8.07,LOW,44.35,1130
ASTERDM,71.32,0.0,9.21,LOW,44.32,1131
GRAPHITE,54.28,2.0,8.19,LOW,44.32,1132
BIRDYS,54.15,2.0,8.19,LOW,44.27,1133
JIWANRAM,36.96,4.0,7.18,LOW,44.24,1134
NRAIL,54.63,2.0,8.04,LOW,44.21,1135
DREDGECORP,29.45,5.0,6.42,LOW,44.21,1136
ORTINGLOBE,37.31,4.0,7.08,LOW,44.2,1137
BIRLAMONEY,54.27,2.0,8.11,LOW,44.18,1138
PCBL,36.78,4.0,7.17,LOW,44.15,1139
ARKADE,68.78,0.0,9.7,LOW,44.14,1140
KODYTECH,44.46,3.0,7.87,LOW,44.13,1141
ASPIRE,69.58,0.0,9.5,LOW,44.12,1142
FDC,70.78,0.0,9.2,LOW,44.08,1143
GRAVITA,54.34,2.0,8.03,LOW,44.07,1144
DENTALKART,53.1,2.0,8.32,LOW,44.07,1145
UTKARSHBNK,70.11,0.0,9.33,LOW,44.04,1146
WENDT,54.38,2.0,8.0,LOW,44.04,1147
CAPITALSFB,53.55,2.0,8.19,LOW,44.03,1148
HCG,70.14,0.0,9.31,LOW,44.02,1149
JBMA,70.62,0.0,9.19,LOW,44.0,1150
ZUARI,69.85,0.0,9.37,LOW,44.0,1151
TAJGVK,45.3,3.0,7.59,LOW,43.99,1152
GLOBAL,53.67,2.0,8.1,LOW,43.93,1153
AAKASH,69.61,0.0,9.38,LOW,43.92,1154
DIGIDRIVE,70.05,0.0,9.27,LOW,43.91,1155
MEIL,37.14,4.0,6.94,LOW,43.9,1156
GRSE,53.63,2.0,8.08,LOW,43.87,1157
ASHOKA,69.93,0.0,9.26,LOW,43.85,1158
COCHINSHIP,70.33,0.0,9.15,LOW,43.82,1159
MEDIASSIST,53.92,2.0,7.98,LOW,43.82,1160
COMPINFO,52.89,2.0,8.2,LOW,43.78,1161
MASKINVEST,52.53,2.0,8.27,LOW,43.76,1162
ZTECH,69.29,0.0,9.34,LOW,43.73,1163
MOTOGENFIN,69.63,0.0,9.24,LOW,43.69,1164
ABGSEC,53.43,2.0,8.02,LOW,43.69,1165
RELCHEMQ,53.19,2.0,8.07,LOW,43.68,1166
IPCALAB,53.32,2.0,8.03,LOW,43.67,1167
CHEMFAB,53.25,2.0,8.04,LOW,43.65,1168
MSTCLTD,44.89,3.0,7.49,LOW,43.65,1169
AIIL,35.77,4.0,7.06,LOW,43.55,1170
ZODIAC,52.33,2.0,8.19,LOW,43.54,1171
AMIABLE,45.39,3.0,7.31,LOW,43.54,1172
GOPAL,52.64,2.0,8.11,LOW,43.53,1173
KSR,52.74,2.0,8.08,LOW,43.52,1174
YATHARTH,69.72,0.0,9.1,LOW,43.49,1175
GATECHDVR,52.4,2.0,8.12,LOW,43.45,1176
FAIRCHEMOR,52.43,2.0,8.1,LOW,43.43,1177
SMVD,69.53,0.0,9.1,LOW,43.41,1178
SADBHIN,35.98,4.0,6.9,LOW,43.36,1179
PRITIKA,50.78,2.0,8.43,LOW,43.33,1180
BUILDPRO,68.85,0.0,9.19,LOW,43.29,1181
SHEMAROO,34.99,4.0,7.09,LOW,43.29,1182
GPIL,52.84,2.0,7.92,LOW,43.28,1183
SONAMLTD,68.64,0.0,9.22,LOW,43.26,1184
DALMIASUG,52.9,2.0,7.85,LOW,43.19,1185
AJANTPHARM,52.14,2.0,8.03,LOW,43.19,1186
SIGNPOST,51.02,2.0,8.27,LOW,43.16,1187
INTELLECT,69.13,0.0,9.04,LOW,43.15,1188
LMW,68.53,0.0,9.15,LOW,43.1,1189
ELECTCAST,52.0,2.0,7.99,LOW,43.07,1190
MAHLIFE,43.21,3.0,7.54,LOW,43.07,1191
VMM,52.16,2.0,7.94,LOW,43.05,1192
KRITIKA,52.15,2.0,7.94,LOW,43.04,1193
KAMDHENU,51.79,2.0,8.02,LOW,43.04,1194
RAILTEL,52.15,2.0,7.92,LOW,43.01,1195
ENTERO,52.19,2.0,7.9,LOW,42.99,1196
ZYDUSWELL,67.72,0.0,9.27,LOW,42.98,1197
RANASUG,52.34,2.0,7.86,LOW,42.98,1198
VISHWARAJ,43.4,3.0,7.43,LOW,42.95,1199
MALUPAPER,51.99,2.0,7.91,LOW,42.93,1200
MONEYBOXX,51.53,2.0,8.02,LOW,42.93,1201
MUKTAARTS,65.78,0.0,9.69,LOW,42.92,1202
CESC,68.8,0.0,8.98,LOW,42.91,1203
PRAKASH,68.7,0.0,8.99,LOW,42.89,1204
GULPOLY,68.72,0.0,8.98,LOW,42.88,1205
SAATVIKGL,68.64,0.0,8.99,LOW,42.87,1206
APEX,51.38,2.0,8.02,LOW,42.87,1207
GALLANTT,52.47,2.0,7.75,LOW,42.85,1208
MILTON,67.29,0.0,9.29,LOW,42.84,1209
OILCOUNTUB,68.64,0.0,8.95,LOW,42.8,1210
SARLAPOLY,67.83,0.0,9.14,LOW,42.8,1211
AUBANK,51.64,2.0,7.92,LOW,42.8,1212
BHARATFORG,51.49,2.0,7.95,LOW,42.8,1213
NAM-INDIA,67.75,0.0,9.14,LOW,42.77,1214
PANAMAPET,67.47,0.0,9.2,LOW,42.76,1215
SHALBY,68.12,0.0,9.04,LOW,42.75,1216
KRBL,51.47,2.0,7.92,LOW,42.74,1217
FORTIS,51.26,2.0,7.93,LOW,42.67,1218
MINDSPACE,51.37,2.0,7.9,LOW,42.66,1219
RIIL,51.48,2.0,7.87,LOW,42.65,1220
LOTUSDEV,51.29,2.0,7.88,LOW,42.6,1221
AWL,67.61,0.0,9.06,LOW,42.58,1222
CAMPUS,51.21,2.0,7.89,LOW,42.58,1223
KAPSTON,33.52,4.0,7.01,LOW,42.57,1224
AGUL,25.65,5.0,6.34,LOW,42.56,1225
GRINDWELL,66.46,0.0,9.28,LOW,42.49,1226
KOHINOOR,50.95,2.0,7.89,LOW,42.48,1227
DYNAMATECH,50.71,2.0,7.94,LOW,42.47,1228
NAUKRI,42.37,3.0,7.38,LOW,42.46,1229
NXST,50.92,2.0,7.88,LOW,42.45,1230
ELGIEQUIP,67.6,0.0,8.96,LOW,42.4,1231
RAJRATAN,51.01,2.0,7.83,LOW,42.4,1232
SOBHA,50.46,2.0,7.95,LOW,42.38,1233
ADVAIT,67.4,0.0,8.99,LOW,42.37,1234
DDEVPLSTIK,42.17,3.0,7.35,LOW,42.33,1235
MNC,50.39,2.0,7.92,LOW,42.3,1236
CNL,50.21,2.0,7.93,LOW,42.25,1237
PARADEEP,50.34,2.0,7.88,LOW,42.22,1238
AAVAS,50.25,2.0,7.85,LOW,42.13,1239
MAKEINDIA,50.08,2.0,7.89,LOW,42.13,1240
NIACL,33.15,4.0,6.84,LOW,42.13,1241
NECCLTD,50.31,2.0,7.83,LOW,42.12,1242
PRATHAM,32.84,4.0,6.9,LOW,42.11,1243
OAL,66.98,0.0,8.93,LOW,42.1,1244
UNIMECH,66.79,0.0,8.96,LOW,42.08,1245
AWFIS,50.34,2.0,7.8,LOW,42.08,1246
SHARDAMOTR,65.93,0.0,9.16,LOW,42.07,1247
MARATHON,33.05,4.0,6.81,LOW,42.04,1248
VTL,66.47,0.0,9.0,LOW,42.02,1249
PKTEA,49.27,2.0,8.01,LOW,42.01,1250
HEMIPROP,49.42,2.0,7.97,LOW,42.0,1251
INDIGRID,66.96,0.0,8.86,LOW,41.97,1252
KIRLOSIND,66.88,0.0,8.88,LOW,41.97,1253
MOIPO,49.8,2.0,7.85,LOW,41.95,1254
KEL,49.4,2.0,7.94,LOW,41.94,1255
SUNDRMBRAK,65.38,0.0,9.19,LOW,41.91,1256
SRIVASAVI,32.98,4.0,6.75,LOW,41.91,1257
MCLOUD,49.8,2.0,7.82,LOW,41.9,1258
VHLTD,41.06,3.0,7.36,LOW,41.9,1259
TARSONS,67.06,0.0,8.77,LOW,41.86,1260
MANINDS,49.47,2.0,7.87,LOW,41.85,1261
HPIL,49.51,2.0,7.85,LOW,41.83,1262
GILLANDERS,49.42,2.0,7.83,LOW,41.76,1263
DEVIT,66.0,0.0,8.93,LOW,41.71,1264
RADIANTCMS,49.32,2.0,7.81,LOW,41.69,1265
VMSTMT,49.34,2.0,7.8,LOW,41.68,1266
IITL,49.07,2.0,7.81,LOW,41.59,1267
RITEZONE,47.8,2.0,8.09,LOW,41.56,1268
GODREJPROP,49.21,2.0,7.75,LOW,41.54,1269
QUADPRO,30.77,4.0,7.05,LOW,41.54,1270
TIRUPATI,31.33,4.0,6.91,LOW,41.52,1271
GATECH,64.61,0.0,9.13,LOW,41.5,1272
BLUEJET,65.6,0.0,8.89,LOW,41.48,1273
NAZARA,48.75,2.0,7.82,LOW,41.48,1274
MONTECARLO,49.09,2.0,7.73,LOW,41.46,1275
EVEREADY,48.58,2.0,7.85,LOW,41.46,1276
TMB,65.22,0.0,8.94,LOW,41.41,1277
LINDEINDIA,48.7,2.0,7.79,LOW,41.41,1278
PLADAINFO,48.69,2.0,7.79,LOW,41.4,1279
PRECAM,48.28,2.0,7.88,LOW,41.39,1280
KALYANIFRG,48.6,2.0,7.8,LOW,41.38,1281
MOS,23.49,5.0,6.16,LOW,41.38,1282
NOVARTIND,64.46,0.0,9.06,LOW,41.32,1283
SAFARI,40.02,3.0,7.24,LOW,41.28,1284
DANGEE,48.19,2.0,7.83,LOW,41.27,1285
LICHSGFIN,48.51,2.0,7.75,LOW,41.26,1286
SAHAJSOLAR,48.07,2.0,7.84,LOW,41.24,1287
BPL,48.65,2.0,7.68,LOW,41.2,1288
DYCL,48.22,2.0,7.78,LOW,41.2,1289
LAMBODHARA,65.1,0.0,8.84,LOW,41.19,1290
JFLLIFE,31.22,4.0,6.73,LOW,41.17,1291
ATLASCYCLE,48.38,2.0,7.72,LOW,41.16,1292
ARMANFIN,47.75,2.0,7.86,LOW,41.15,1293
SPAL,65.06,0.0,8.82,LOW,41.14,1294
IFBAGRO,64.01,0.0,9.06,LOW,41.14,1295
ENGINERSIN,48.41,2.0,7.7,LOW,41.14,1296
BHANDARI,47.96,2.0,7.8,LOW,41.13,1297
SONATSOFTW,65.64,0.0,8.66,LOW,41.1,1298
KIRLOSBROS,48.5,2.0,7.66,LOW,41.1,1299
CHALET,48.1,2.0,7.75,LOW,41.1,1300
FINPIPE,48.21,2.0,7.71,LOW,41.07,1301
DCW,48.05,2.0,7.74,LOW,41.06,1302
GPPL,39.87,3.0,7.14,LOW,41.05,1303
IIFL,39.43,3.0,7.23,LOW,41.02,1304
DRSDILIP,64.72,0.0,8.82,LOW,41.01,1305
NATCAPSUQ,48.1,2.0,7.69,LOW,40.99,1306
HRHNEXT,48.04,2.0,7.7,LOW,40.99,1307
JUBLINGREA,47.62,2.0,7.8,LOW,40.99,1308
NFL,48.08,2.0,7.66,LOW,40.93,1309
ALPHAGEO,48.03,2.0,7.67,LOW,40.93,1310
NAGREEKCAP,47.3,2.0,7.83,LOW,40.91,1311
SWASTIK,47.81,2.0,7.7,LOW,40.9,1312
EQUIPPP,64.9,0.0,8.71,LOW,40.89,1313
TREL,48.01,2.0,7.65,LOW,40.89,1314
GOODLUCK,64.14,0.0,8.86,LOW,40.84,1315
BALAJEE,47.79,2.0,7.67,LOW,40.84,1316
63MOONS,47.65,2.0,7.7,LOW,40.83,1317
GLENMARK,47.59,2.0,7.7,LOW,40.81,1318
AQYLON,21.07,5.0,6.37,LOW,40.78,1319
MAHKTECH,47.32,2.0,7.74,LOW,40.77,1320
IPL,47.31,2.0,7.74,LOW,40.76,1321
GVKPIL,64.2,0.0,8.79,LOW,40.75,1322
TRENT,64.34,0.0,8.75,LOW,40.74,1323
ORISSAMINE,47.64,2.0,7.65,LOW,40.74,1324
ONMOBILE,46.79,2.0,7.85,LOW,40.74,1325
ORIENTELEC,47.32,2.0,7.72,LOW,40.73,1326
VSCL,39.68,3.0,6.99,LOW,40.71,1327
GMDCLTD,64.9,0.0,8.6,LOW,40.7,1328
SALZERELEC,47.46,2.0,7.67,LOW,40.7,1329
PGINVIT,64.34,0.0,8.71,LOW,40.67,1330
SHAHALLOYS,47.33,2.0,7.68,LOW,40.67,1331
COMPUSOFT,47.48,2.0,7.64,LOW,40.66,1332
PLATIND,47.41,2.0,7.65,LOW,40.65,1333
SILLYMONKS,46.78,2.0,7.79,LOW,40.64,1334
SHREECEM,47.41,2.0,7.63,LOW,40.62,1335
IMPAL,47.58,2.0,7.59,LOW,40.61,1336
SAHANA,30.18,4.0,6.65,LOW,40.61,1337
OBEROIRLTY,64.53,0.0,8.62,LOW,40.59,1338
TEXRAIL,47.35,2.0,7.63,LOW,40.59,1339
SIGNATURE,47.31,2.0,7.63,LOW,40.58,1340
IRISDOREME,64.03,0.0,8.72,LOW,40.56,1341
AHLEAST,46.92,2.0,7.71,LOW,40.56,1342
LOYALTEX,46.3,2.0,7.85,LOW,40.55,1343
NEWJAISA,47.85,2.0,7.48,LOW,40.53,1344
K2INFRA,46.7,2.0,7.71,LOW,40.47,1345
PANACHE,63.15,0.0,8.86,LOW,40.45,1346
INGERRAND,29.78,4.0,6.62,LOW,40.4,1347
APLLTD,47.15,2.0,7.56,LOW,40.39,1348
SUNPHARMA,63.59,0.0,8.72,LOW,40.38,1349
KMSUGAR,46.43,2.0,7.72,LOW,40.38,1350
BANG,46.57,2.0,7.68,LOW,40.37,1351
SHREEKARNI,46.57,2.0,7.67,LOW,40.35,1352
MODEFENCE,63.45,0.0,8.7,LOW,40.29,1353
EPACKPEB,46.21,2.0,7.66,LOW,40.19,1354
ABCAPITAL,45.84,2.0,7.75,LOW,40.19,1355
NEPHROCARE,62.99,0.0,8.74,LOW,40.18,1356
SKP,45.62,2.0,7.79,LOW,40.17,1357
DCXINDIA,63.25,0.0,8.66,LOW,40.15,1358
DTL,61.18,0.0,9.12,LOW,40.11,1359
SUNDRMFAST,46.0,2.0,7.66,LOW,40.1,1360
AGNI,29.06,4.0,6.6,LOW,40.08,1361
VENKEYS,46.31,2.0,7.57,LOW,40.07,1362
KANANIIND,46.22,2.0,7.59,LOW,40.07,1363
ASHOKAMET,45.96,2.0,7.63,LOW,40.04,1364
RBS,46.07,2.0,7.6,LOW,40.03,1365
TENNIND,46.13,2.0,7.58,LOW,40.02,1366
AURIGROW,62.75,0.0,8.7,LOW,40.01,1367
PDMJEPAPER,28.66,4.0,6.64,LOW,39.99,1368
AHLUCONT,45.97,2.0,7.59,LOW,39.97,1369
TNPL,62.53,0.0,8.69,LOW,39.91,1370
TOKYOPLAST,46.42,2.0,7.44,LOW,39.89,1371
GARUDA,46.0,2.0,7.53,LOW,39.88,1372
HIKAL,45.8,2.0,7.57,LOW,39.87,1373
SPECTRUM,61.33,0.0,8.93,LOW,39.84,1374
ESABINDIA,61.64,0.0,8.82,LOW,39.78,1375
VOLTAMP,45.99,2.0,7.46,LOW,39.76,1376
HGINFRA,45.54,2.0,7.57,LOW,39.76,1377
GOACARBON,62.02,0.0,8.7,LOW,39.72,1378
SIYSIL,61.83,0.0,8.74,LOW,39.71,1379
TEXINFRA,45.23,2.0,7.59,LOW,39.67,1380
JAIPURKURT,44.57,2.0,7.74,LOW,39.67,1381
NTPCGREEN,62.9,0.0,8.46,LOW,39.66,1382
YESBANK,61.18,0.0,8.86,LOW,39.66,1383
DCG,28.03,4.0,6.58,LOW,39.63,1384
ASIANENE,21.25,5.0,5.65,LOW,39.61,1385
PPAP,45.18,2.0,7.55,LOW,39.59,1386
SPLIL,61.79,0.0,8.6,LOW,39.46,1387
GRPLTD,45.11,2.0,7.49,LOW,39.46,1388
ATULAUTO,44.67,2.0,7.59,LOW,39.45,1389
KANPRPLA,44.33,2.0,7.63,LOW,39.38,1390
SUPERHOUSE,44.47,2.0,7.58,LOW,39.35,1391
UCAL,44.91,2.0,7.47,LOW,39.34,1392
DELHIVERY,44.8,2.0,7.48,LOW,39.31,1393
NAVA,45.32,2.0,7.34,LOW,39.28,1394
HITECH,44.67,2.0,7.49,LOW,39.28,1395
THOMASCOTT,44.63,2.0,7.49,LOW,39.26,1396
DHANBANK,61.33,0.0,8.56,LOW,39.21,1397
AARTIIND,61.0,0.0,8.63,LOW,39.19,1398
IMAGICAA,44.6,2.0,7.45,LOW,39.18,1399
MAHSCOOTER,44.5,2.0,7.47,LOW,39.18,1400
SUMEETINDS,44.29,2.0,7.52,LOW,39.18,1401
MANGLMCEM,44.87,2.0,7.35,LOW,39.12,1402
BHARATRAS,35.78,3.0,6.96,LOW,39.1,1403
NAVKARCORP,44.79,2.0,7.33,LOW,39.05,1404
BHARATSE,43.9,2.0,7.5,LOW,38.99,1405
MOREALTY,43.86,2.0,7.5,LOW,38.97,1406
GANDHITUBE,43.88,2.0,7.47,LOW,38.93,1407
WAAREEENER,61.38,0.0,8.38,LOW,38.92,1408
PROTEAN,60.45,0.0,8.59,LOW,38.91,1409
KRYSTAL,43.88,2.0,7.44,LOW,38.88,1410
LINC,43.81,2.0,7.45,LOW,38.87,1411
ARVEE,43.39,2.0,7.55,LOW,38.87,1412
INDIASHLTR,43.55,2.0,7.5,LOW,38.85,1413
MOXSH,26.89,4.0,6.36,LOW,38.8,1414
MARCO,43.8,2.0,7.41,LOW,38.79,1415
ROML,26.31,4.0,6.48,LOW,38.78,1416
TARIL,43.47,2.0,7.47,LOW,38.77,1417
SAMBHV,44.17,2.0,7.29,LOW,38.74,1418
ACE,43.45,2.0,7.44,LOW,38.71,1419
INOXGREEN,60.16,0.0,8.54,LOW,38.7,1420
NIPPOBATRY,59.71,0.0,8.62,LOW,38.66,1421
RAJMET,43.28,2.0,7.45,LOW,38.65,1422
EMBDL,42.12,2.0,7.72,LOW,38.65,1423
ARCHIDPLY,43.04,2.0,7.47,LOW,38.59,1424
CONSUMER,43.19,2.0,7.43,LOW,38.58,1425
ARVSMART,60.19,0.0,8.43,LOW,38.53,1426
FILATEX,60.04,0.0,8.44,LOW,38.48,1427
DIVISLAB,59.95,0.0,8.46,LOW,38.48,1428
SJVN,43.28,2.0,7.34,LOW,38.47,1429
VIKRAMSOLR,60.78,0.0,8.24,LOW,38.44,1430
WILLAMAGOR,42.74,2.0,7.42,LOW,38.39,1431
FROG,42.05,2.0,7.58,LOW,38.39,1432
GANECOS,60.06,0.0,8.37,LOW,38.37,1433
UMA,58.86,0.0,8.62,LOW,38.32,1434
HDFCAMC,25.22,4.0,6.45,LOW,38.29,1435
KABRAEXTRU,25.59,4.0,6.36,LOW,38.28,1436
SURAKSHA,59.72,0.0,8.39,LOW,38.27,1437
STYLEBAAZA,41.99,2.0,7.52,LOW,38.26,1438
SIGMA,43.39,2.0,7.19,LOW,38.25,1439
GODREJIND,58.02,0.0,8.73,LOW,38.17,1440
KHFM,57.76,0.0,8.78,LOW,38.16,1441
PREMIERPOL,59.04,0.0,8.45,LOW,38.1,1442
SPECTSTM,59.08,0.0,8.41,LOW,38.05,1443
KPIL,58.81,0.0,8.46,LOW,38.03,1444
CARERATING,41.71,2.0,7.44,LOW,38.01,1445
BLKASHYAP,59.0,0.0,8.4,LOW,38.0,1446
SRGHFL,58.62,0.0,8.47,LOW,37.97,1447
EKC,59.29,0.0,8.31,LOW,37.96,1448
FMGOETZE,41.55,2.0,7.45,LOW,37.96,1449
RULKA,42.5,2.0,7.21,LOW,37.93,1450
KOKUYOCMLN,41.9,2.0,7.34,LOW,37.91,1451
ESCONET,41.74,2.0,7.36,LOW,37.88,1452
ZOTA,42.44,2.0,7.18,LOW,37.86,1453
APOLSINHOT,58.28,0.0,8.47,LOW,37.83,1454
EMUDHRA,58.88,0.0,8.32,LOW,37.81,1455
MHLXMIRU,58.72,0.0,8.35,LOW,37.8,1456
NCLIND,58.67,0.0,8.36,LOW,37.8,1457
SAROJA,41.22,2.0,7.42,LOW,37.78,1458
SEL,57.9,0.0,8.52,LOW,37.77,1459
KNAGRI,41.57,2.0,7.32,LOW,37.75,1460
URBANCO,58.53,0.0,8.36,LOW,37.74,1461
HINDPETRO,41.43,2.0,7.35,LOW,37.74,1462
AMBEY,58.09,0.0,8.45,LOW,37.72,1463
GROBTEA,41.25,2.0,7.38,LOW,37.72,1464
ANSALAPI,40.3,2.0,7.6,LOW,37.72,1465
MACPOWER,24.75,4.0,6.23,LOW,37.72,1466
BHARATGEAR,41.39,2.0,7.34,LOW,37.71,1467
PALASHSECU,41.1,2.0,7.39,LOW,37.68,1468
VEEDOL,58.61,0.0,8.28,LOW,37.64,1469
ADL,40.88,2.0,7.42,LOW,37.64,1470
JINDALSTEL,41.31,2.0,7.31,LOW,37.63,1471
TATAINVEST,41.16,2.0,7.34,LOW,37.62,1472
MAHABANK,57.52,0.0,8.51,LOW,37.6,1473
RNBDENIMS,57.35,0.0,8.55,LOW,37.6,1474
SOTAC,49.56,1.0,7.85,LOW,37.57,1475
IT,58.42,0.0,8.27,LOW,37.55,1476
JTLIND,58.09,0.0,8.35,LOW,37.55,1477
GANESHBE,57.86,0.0,8.4,LOW,37.54,1478
GREENLAM,40.48,2.0,7.45,LOW,37.53,1479
HYBRIDFIN,57.58,0.0,8.45,LOW,37.52,1480
SMARTWORKS,57.85,0.0,8.37,LOW,37.49,1481
NAHARCAP,57.64,0.0,8.42,LOW,37.49,1482
PTL,57.89,0.0,8.35,LOW,37.47,1483
LANCORHOL,40.78,2.0,7.34,LOW,37.47,1484
DELAPLEX,23.34,4.0,6.4,LOW,37.45,1485
SHREDIGCEM,58.12,0.0,8.28,LOW,37.44,1486
KCPSUGIND,41.07,2.0,7.25,LOW,37.43,1487
GODFRYPHLP,57.64,0.0,8.36,LOW,37.39,1488
WORTHPERI,57.54,0.0,8.36,LOW,37.35,1489
DCI,58.13,0.0,8.22,LOW,37.34,1490
PNCINFRA,57.56,0.0,8.33,LOW,37.3,1491
FABTECH,57.95,0.0,8.21,LOW,37.25,1492
MANAKSTEEL,57.14,0.0,8.39,LOW,37.24,1493
OSWALPUMPS,58.45,0.0,8.08,LOW,37.23,1494
IREDA,40.4,2.0,7.29,LOW,37.23,1495
UTTAMSUGAR,57.14,0.0,8.38,LOW,37.22,1496
AVADHSUGAR,57.13,0.0,8.38,LOW,37.22,1497
RCF,40.29,2.0,7.29,LOW,37.18,1498
SURANAT&P,57.76,0.0,8.19,LOW,37.14,1499
ITDC,40.53,2.0,7.17,LOW,37.07,1500
EIEL,57.46,0.0,8.2,LOW,37.04,1501
AADHARHFC,40.09,2.0,7.25,LOW,37.04,1502
MAZDOCK,57.4,0.0,8.21,LOW,37.03,1503
ROUTE,56.82,0.0,8.34,LOW,37.03,1504
IEX,40.01,2.0,7.26,LOW,37.02,1505
ZENITHSTL,40.56,2.0,7.12,LOW,37.0,1506
ARIS,40.04,2.0,7.23,LOW,36.98,1507
BLS,40.2,2.0,7.14,LOW,36.89,1508
CPCAP,56.72,0.0,8.27,LOW,36.87,1509
AKASH,56.77,0.0,8.24,LOW,36.83,1510
CONS,39.53,2.0,7.25,LOW,36.81,1511
TTKHLTCARE,56.78,0.0,8.22,LOW,36.8,1512
FLFL,56.06,0.0,8.35,LOW,36.74,1513
BAJAJHLDNG,39.36,2.0,7.24,LOW,36.73,1514
HINDCOPPER,39.38,2.0,7.22,LOW,36.7,1515
JKPAPER,39.13,2.0,7.28,LOW,36.7,1516
ETERNAL,56.7,0.0,8.17,LOW,36.69,1517
PCJEWELLER,30.69,3.0,6.74,LOW,36.69,1518
JYOTISTRUC,39.33,2.0,7.18,LOW,36.61,1519
21STCENMGM,38.65,2.0,7.34,LOW,36.61,1520
PFC,39.46,2.0,7.13,LOW,36.58,1521
SOUTHBANK,55.56,0.0,8.35,LOW,36.54,1522
EMMBI,30.24,3.0,6.74,LOW,36.51,1523
AARVI,56.24,0.0,8.14,LOW,36.45,1524
MANAV,37.95,2.0,7.41,LOW,36.45,1525
NILKAMAL,38.97,2.0,7.15,LOW,36.42,1526
TBI,38.82,2.0,7.18,LOW,36.41,1527
AAREYDRUGS,38.62,2.0,7.21,LOW,36.38,1528
SREEL,55.02,0.0,8.38,LOW,36.37,1529
ISHANCH,38.84,2.0,7.14,LOW,36.35,1530
PRADPME,54.6,0.0,8.46,LOW,36.34,1531
CHEVIOT,55.57,0.0,8.22,LOW,36.32,1532
DISHTV,39.21,2.0,7.02,LOW,36.29,1533
HARRMALAYA,38.31,2.0,7.23,LOW,36.29,1534
GRINFRA,38.71,2.0,7.12,LOW,36.26,1535
VERA,55.7,0.0,8.15,LOW,36.25,1536
CINEVISTA,38.23,2.0,7.22,LOW,36.24,1537
SHRITECH,54.23,0.0,8.48,LOW,36.23,1538
LUPIN,55.88,0.0,8.01,LOW,36.08,1539
GSMFOILS,38.25,2.0,7.11,LOW,36.06,1540
VINCOFE,55.03,0.0,8.17,LOW,36.02,1541
AVSL,55.15,0.0,8.14,LOW,36.01,1542
AONETMMQ50,54.92,0.0,8.19,LOW,36.01,1543
ONGC,38.27,2.0,7.07,LOW,36.0,1544
GODREJAGRO,29.29,3.0,6.64,LOW,35.96,1545
ACL,37.75,2.0,7.13,LOW,35.89,1546
PREMIER,37.71,2.0,7.13,LOW,35.88,1547
JAIBALAJI,37.56,2.0,7.15,LOW,35.85,1548
CRAMC,37.88,2.0,7.07,LOW,35.84,1549
BANARISUG,54.83,0.0,8.11,LOW,35.83,1550
MURUDCERA,37.28,2.0,7.16,LOW,35.76,1551
TVVISION,20.07,4.0,6.16,LOW,35.73,1552
CARTRADE,37.39,2.0,7.11,LOW,35.72,1553
JAICORPLTD,54.69,0.0,8.07,LOW,35.71,1554
SHRINGARMS,37.1,2.0,7.17,LOW,35.7,1555
SAGILITY,54.52,0.0,8.08,LOW,35.66,1556
PNC,20.24,4.0,6.07,LOW,35.64,1557
STARTECK,53.65,0.0,8.26,LOW,35.62,1558
GRAPHISAD,37.29,2.0,7.07,LOW,35.61,1559
PEARLPOLY,37.11,2.0,7.02,LOW,35.45,1560
NITIRAJ,37.14,2.0,7.01,LOW,35.44,1561
AFSL,54.2,0.0,8.02,LOW,35.43,1562
AKSHAR,53.67,0.0,8.14,LOW,35.42,1563
GODIGIT,36.91,2.0,7.04,LOW,35.4,1564
GTL,53.69,0.0,8.1,LOW,35.36,1565
JETKNIT,53.78,0.0,8.07,LOW,35.35,1566
MAHEPC,36.73,2.0,7.04,LOW,35.33,1567
VAIBHAVGBL,53.44,0.0,8.13,LOW,35.31,1568
FINEORG,36.85,2.0,7.0,LOW,35.31,1569
MCL,36.47,2.0,7.09,LOW,35.31,1570
NHPC,37.01,2.0,6.95,LOW,35.29,1571
MICROPRO,36.18,2.0,7.14,LOW,35.28,1572
SPIC,36.45,2.0,7.06,LOW,35.25,1573
SCILAL,36.25,2.0,7.07,LOW,35.19,1574
FOODSIN,36.4,2.0,7.03,LOW,35.18,1575
INDOCO,53.65,0.0,7.98,LOW,35.14,1576
TIJARIA,36.12,2.0,7.06,LOW,35.12,1577
UNIVPHOTO,35.52,2.0,7.2,LOW,35.12,1578
ATL,36.22,2.0,7.02,LOW,35.09,1579
BAHETI,52.65,0.0,8.17,LOW,35.07,1580
SUMIT,53.96,0.0,7.83,LOW,35.01,1581
GICRE,35.93,2.0,7.04,LOW,35.01,1582
AEGISVOPAK,36.44,2.0,6.9,LOW,34.98,1583
GSFC,36.07,2.0,6.99,LOW,34.98,1584
WINSOL,18.52,4.0,6.08,LOW,34.97,1585
ZFCVINDIA,35.77,2.0,7.04,LOW,34.95,1586
DELTACORP,52.19,0.0,8.19,LOW,34.92,1587
TVSSRICHAK,52.91,0.0,8.0,LOW,34.88,1588
CANARYS,18.74,4.0,5.95,LOW,34.84,1589
COASTCORP,35.3,2.0,7.07,LOW,34.81,1590
CREATIVEYE,35.13,2.0,7.11,LOW,34.81,1591
VHL,52.32,0.0,8.09,LOW,34.8,1592
GFLLIMITED,52.28,0.0,8.1,LOW,34.8,1593
SUNDROP,52.35,0.0,8.08,LOW,34.79,1594
ALLTIME,35.1,2.0,7.1,LOW,34.78,1595
JKIL,35.44,2.0,7.01,LOW,34.76,1596
METROBRAND,35.26,2.0,7.05,LOW,34.76,1597
KANDARP,51.82,0.0,8.15,LOW,34.7,1598
RHFL,52.3,0.0,8.02,LOW,34.67,1599
LOTUSEYE,52.72,0.0,7.91,LOW,34.65,1600
EICHERMOT,35.35,2.0,6.96,LOW,34.64,1601
VASA,52.42,0.0,7.97,LOW,34.63,1602
BEDMUTHA,35.53,2.0,6.9,LOW,34.61,1603
ELLEN,51.94,0.0,8.04,LOW,34.56,1604
FUSION,34.92,2.0,7.01,LOW,34.56,1605
BLAL,34.77,2.0,7.04,LOW,34.55,1606
SWARAJENG,52.25,0.0,7.9,LOW,34.44,1607
SCHAND,34.45,2.0,7.02,LOW,34.39,1608
ARIHANTSUP,51.72,0.0,7.98,LOW,34.37,1609
MANAKCOAT,26.19,3.0,6.43,LOW,34.36,1610
MMFL,34.33,2.0,6.99,LOW,34.29,1611
EPL,34.81,2.0,6.87,LOW,34.27,1612
JSLL,35.27,2.0,6.75,LOW,34.25,1613
GENUSPAPER,34.96,2.0,6.82,LOW,34.25,1614
CSBBANK,26.1,3.0,6.38,LOW,34.23,1615
ORTEL,51.23,0.0,7.99,LOW,34.19,1616
APS,34.56,2.0,6.86,LOW,34.16,1617
AMBER,34.31,2.0,6.91,LOW,34.14,1618
TUNWAL,34.25,2.0,6.92,LOW,34.13,1619
EVERESTIND,34.39,2.0,6.88,LOW,34.12,1620
SUDARSCHEM,50.85,0.0,8.03,LOW,34.11,1621
HEXATRADEX,51.45,0.0,7.88,LOW,34.09,1622
AHIMSA,51.09,0.0,7.93,LOW,34.03,1623
UWCSL,50.62,0.0,8.03,LOW,34.01,1624
VISHNUINFR,33.63,2.0,6.98,LOW,33.99,1625
BMETRICS,34.16,2.0,6.84,LOW,33.96,1626
INSPIRE,33.04,2.0,7.04,LOW,33.86,1627
MANAKSIA,33.54,2.0,6.91,LOW,33.83,1628
NORBTEAEXP,32.81,2.0,7.08,LOW,33.83,1629
ISGEC,34.02,2.0,6.79,LOW,33.82,1630
AURUM,50.62,0.0,7.91,LOW,33.81,1631
DOLPHIN,50.77,0.0,7.87,LOW,33.8,1632
MASTERTR,33.04,2.0,7.01,LOW,33.8,1633
HYUNDAI,33.65,2.0,6.82,LOW,33.72,1634
ALLCARGO,50.65,0.0,7.82,LOW,33.67,1635
LTF,33.09,2.0,6.92,LOW,33.67,1636
LORDSCHLO,50.79,0.0,7.75,LOW,33.6,1637
DMART,50.93,0.0,7.7,LOW,33.57,1638
TCI,33.43,2.0,6.78,LOW,33.57,1639
PENIND,50.5,0.0,7.79,LOW,33.55,1640
TSFINV,50.01,0.0,7.9,LOW,33.55,1641
5PAISA,50.01,0.0,7.88,LOW,33.51,1642
PWL,50.04,0.0,7.85,LOW,33.47,1643
GTPL,49.68,0.0,7.92,LOW,33.45,1644
ERIS,50.19,0.0,7.77,LOW,33.4,1645
ORIENTHOT,49.76,0.0,7.87,LOW,33.4,1646
KALPATARU,49.47,0.0,7.94,LOW,33.4,1647
KFINTECH,33.82,2.0,6.59,LOW,33.4,1648
IONEXCHANG,33.04,2.0,6.76,LOW,33.38,1649
PRIMESECU,49.78,0.0,7.85,LOW,33.37,1650
KAUSHALYA,32.15,2.0,6.95,LOW,33.35,1651
SPANDANA,48.64,0.0,8.07,LOW,33.29,1652
EXCELINDUS,32.48,2.0,6.84,LOW,33.29,1653
ALPHA,49.35,0.0,7.88,LOW,33.25,1654
GUJAPOLLO,50.06,0.0,7.71,LOW,33.24,1655
JALAN,23.31,3.0,6.44,LOW,33.22,1656
ORIENTPPR,32.3,2.0,6.77,LOW,33.1,1657
INDOWIND,49.42,0.0,7.76,LOW,33.07,1658
DUGLOBAL,32.07,2.0,6.81,LOW,33.07,1659
SHANKARA,48.97,0.0,7.85,LOW,33.05,1660
HATSUN,49.12,0.0,7.8,LOW,33.02,1661
BAWEJA,49.11,0.0,7.8,LOW,33.02,1662
QFIL,22.89,3.0,6.41,LOW,33.0,1663
GANGESSECU,49.04,0.0,7.78,LOW,32.95,1664
STERTOOLS,48.88,0.0,7.8,LOW,32.92,1665
PURVA,31.99,2.0,6.74,LOW,32.92,1666
ICEMAKE,31.78,2.0,6.77,LOW,32.89,1667
CARRARO,31.72,2.0,6.74,LOW,32.81,1668
SWSOLAR,49.03,0.0,7.66,LOW,32.74,1669
BAJFINANCE,31.54,2.0,6.72,LOW,32.71,1670
PFS,48.67,0.0,7.72,LOW,32.7,1671
NKIND,31.01,2.0,6.84,LOW,32.7,1672
BIRLACORPN,48.51,0.0,7.75,LOW,32.69,1673
INDOSTAR,48.42,0.0,7.77,LOW,32.69,1674
VIAZ,47.84,0.0,7.88,LOW,32.64,1675
NATCOPHARM,31.84,2.0,6.57,LOW,32.57,1676
MEGATHERM,31.4,2.0,6.67,LOW,32.57,1677
NIBL,48.16,0.0,7.74,LOW,32.53,1678
TIMESCAN,30.87,2.0,6.77,LOW,32.53,1679
LICI,30.69,2.0,6.78,LOW,32.47,1680
ZENITHEXPO,31.03,2.0,6.68,LOW,32.43,1681
HILTON,48.82,0.0,7.52,LOW,32.42,1682
AMBICAAGAR,47.77,0.0,7.76,LOW,32.41,1683
UPL,47.92,0.0,7.72,LOW,32.4,1684
NAVNETEDUL,30.96,2.0,6.67,LOW,32.39,1685
JINDALPOLY,47.65,0.0,7.77,LOW,32.38,1686
PRSMJOHNSN,48.07,0.0,7.65,LOW,32.34,1687
LAOPALA,30.83,2.0,6.65,LOW,32.3,1688
TNPETRO,30.41,2.0,6.73,LOW,32.27,1689
AMRUTANJAN,47.55,0.0,7.7,LOW,32.22,1690
PRECISION,29.6,2.0,6.87,LOW,32.19,1691
KONTOR,14.54,4.0,5.35,LOW,32.13,1692
ORIENTCER,47.34,0.0,7.69,LOW,32.12,1693
SOMATEX,46.61,0.0,7.86,LOW,32.12,1694
MADHAV,47.37,0.0,7.67,LOW,32.1,1695
KRISHCA,29.65,2.0,6.79,LOW,32.07,1696
MOBIKWIK,47.49,0.0,7.62,LOW,32.06,1697
ZODIACLOTH,29.95,2.0,6.71,LOW,32.05,1698
CAPILLARY,47.6,0.0,7.56,LOW,32.0,1699
HUBTOWN,47.03,0.0,7.68,LOW,31.98,1700
LYPSAGEMS,47.06,0.0,7.66,LOW,31.96,1701
SHIVALIK,29.91,2.0,6.66,LOW,31.95,1702
UNIENTER,46.8,0.0,7.68,LOW,31.89,1703
ATUL,46.71,0.0,7.7,LOW,31.88,1704
ADVANIHOTR,46.99,0.0,7.62,LOW,31.86,1705
JMFINANCIL,29.81,2.0,6.62,LOW,31.84,1706
CRIZAC,29.53,2.0,6.68,LOW,31.83,1707
TEAMGTY,46.72,0.0,7.66,LOW,31.82,1708
BASILIC,29.47,2.0,6.68,LOW,31.81,1709
RHL,29.24,2.0,6.73,LOW,31.8,1710
MATRIMONY,46.46,0.0,7.7,LOW,31.78,1711
MINDPOOL,46.23,0.0,7.71,LOW,31.71,1712
JAKHARIA,46.23,0.0,7.71,LOW,31.71,1713
TAINWALCHM,31.09,2.0,6.21,LOW,31.65,1714
DTIL,29.08,2.0,6.67,LOW,31.64,1715
JIOFIN,37.87,1.0,7.09,LOW,31.59,1716
ICDSLTD,45.85,0.0,7.69,LOW,31.52,1717
FISCHER,29.71,2.0,6.43,LOW,31.48,1718
MUNJALSHOW,45.85,0.0,7.66,LOW,31.47,1719
JAMNAAUTO,28.59,2.0,6.68,LOW,31.46,1720
ROHLTD,28.82,2.0,6.59,LOW,31.4,1721
ETHOSLTD,45.81,0.0,7.59,LOW,31.34,1722
AONETOTAL,45.75,0.0,7.59,LOW,31.31,1723
BIGBLOC,28.31,2.0,6.65,LOW,31.3,1724
ARENTERP,28.9,2.0,6.51,LOW,31.29,1725
VIVIDHA,36.86,1.0,7.1,LOW,31.2,1726
SUKHJITS,28.65,2.0,6.5,LOW,31.17,1727
JITFINFRA,28.65,2.0,6.47,LOW,31.12,1728
SCPL,15.86,4.0,4.44,LOW,31.1,1729
NIRMAN,27.87,2.0,6.61,LOW,31.05,1730
MITTAL,44.46,0.0,7.71,LOW,31.0,1731
CELLO,28.54,2.0,6.42,LOW,30.99,1732
ANUHPHR,45.34,0.0,7.47,LOW,30.94,1733
BRIGHOTEL,44.98,0.0,7.49,LOW,30.83,1734
VAISHALI,44.94,0.0,7.46,LOW,30.76,1735
ARSSBL,44.63,0.0,7.53,LOW,30.76,1736
STEL,44.5,0.0,7.54,LOW,30.73,1737
KOTHARIPET,44.82,0.0,7.46,LOW,30.72,1738
SANDESH,27.07,2.0,6.59,LOW,30.7,1739
DBL,44.76,0.0,7.46,LOW,30.69,1740
OMINFRAL,44.61,0.0,7.49,LOW,30.68,1741
SICALLOG,44.52,0.0,7.51,LOW,30.68,1742
SUNREST,27.6,2.0,6.45,LOW,30.67,1743
SHRADHA,27.93,2.0,6.36,LOW,30.65,1744
USK,19.12,3.0,5.92,LOW,30.65,1745
CGRAPHICS,45.17,0.0,7.33,LOW,30.63,1746
TECH,44.6,0.0,7.43,LOW,30.58,1747
360ONE,44.19,0.0,7.49,LOW,30.52,1748
KALAMANDIR,43.58,0.0,7.56,LOW,30.39,1749
ALANKIT,44.2,0.0,7.4,LOW,30.37,1750
KEYFINSERV,26.62,2.0,6.5,LOW,30.36,1751
THEINVEST,43.48,0.0,7.56,LOW,30.35,1752
MHHL,26.32,2.0,6.53,LOW,30.29,1753
DIGJAMLMTD,26.35,2.0,6.51,LOW,30.27,1754
VAKRANGEE,44.25,0.0,7.32,LOW,30.25,1755
DRCSYSTEMS,44.11,0.0,7.35,LOW,30.24,1756
MEDICAMEQ,43.4,0.0,7.51,LOW,30.23,1757
ACCELYA,43.55,0.0,7.43,LOW,30.16,1758
TIMETECHNO,26.53,2.0,6.38,LOW,30.12,1759
VLEGOV,27.21,2.0,6.21,LOW,30.1,1760
PAUSHAKLTD,26.64,2.0,6.34,LOW,30.1,1761
ENERGYDEV,43.33,0.0,7.44,LOW,30.09,1762
IGCL,26.2,2.0,6.44,LOW,30.09,1763
TCPLPACK,43.41,0.0,7.42,LOW,30.08,1764
LYKALABS,43.45,0.0,7.39,LOW,30.05,1765
SHAREINDIA,43.1,0.0,7.47,LOW,30.05,1766
SURAJLTD,43.43,0.0,7.38,LOW,30.02,1767
BHAGERIA,43.24,0.0,7.42,LOW,30.02,1768
HITECHGEAR,26.04,2.0,6.43,LOW,30.01,1769
SHANTIGEAR,43.29,0.0,7.4,LOW,30.0,1770
PIGL,26.85,2.0,6.23,LOW,29.99,1771
GENCON,26.21,2.0,6.37,LOW,29.98,1772
SCHAEFFLER,42.86,0.0,7.48,LOW,29.97,1773
GICHSGFIN,43.03,0.0,7.42,LOW,29.93,1774
RCOM,43.21,0.0,7.33,LOW,29.85,1775
LCCINFOTEC,26.02,2.0,6.32,LOW,29.81,1776
STARCEMENT,42.73,0.0,7.41,LOW,29.79,1777
LINCOLN,42.14,0.0,7.53,LOW,29.76,1778
CDSL,34.54,1.0,6.8,LOW,29.76,1779
FIRSTCRY,42.83,0.0,7.33,LOW,29.7,1780
ARIHANTACA,33.64,1.0,6.94,LOW,29.64,1781
KROSS,42.37,0.0,7.4,LOW,29.63,1782
KRIDHANINF,41.2,0.0,7.67,LOW,29.63,1783
JAYSREETEA,42.3,0.0,7.4,LOW,29.61,1784
ZEEMEDIA,42.15,0.0,7.43,LOW,29.6,1785
POLYMED,42.32,0.0,7.38,LOW,29.58,1786
MASFIN,42.32,0.0,7.37,LOW,29.56,1787
ORIENTLTD,42.34,0.0,7.36,LOW,29.55,1788
AUROIMPEX,25.89,2.0,6.18,LOW,29.52,1789
BHARTIARTL,42.21,0.0,7.36,LOW,29.5,1790
PRABHA,42.58,0.0,7.27,LOW,29.49,1791
DCMSHRIRAM,42.84,0.0,7.2,LOW,29.48,1792
COLPAL,24.74,2.0,6.41,LOW,29.46,1793
MANYAVAR,42.23,0.0,7.31,LOW,29.42,1794
PILITA,42.14,0.0,7.33,LOW,29.42,1795
LEMONTREE,41.96,0.0,7.37,LOW,29.42,1796
GSS,42.38,0.0,7.25,LOW,29.38,1797
PVRINOX,41.22,0.0,7.52,LOW,29.38,1798
KARMAENG,42.19,0.0,7.27,LOW,29.34,1799
FELDVR,41.91,0.0,7.32,LOW,29.31,1800
NECLIFE,41.65,0.0,7.36,LOW,29.28,1801
JISLDVREQS,41.6,0.0,7.36,LOW,29.26,1802
HBSL,24.86,2.0,6.26,LOW,29.25,1803
SAGCEM,41.85,0.0,7.29,LOW,29.24,1804
YCCL,41.61,0.0,7.34,LOW,29.23,1805
REGENCERAM,41.53,0.0,7.36,LOW,29.23,1806
MAXPOSURE,24.9,2.0,6.24,LOW,29.23,1807
RAYMONDLSL,24.71,2.0,6.28,LOW,29.22,1808
NDL,24.32,2.0,6.37,LOW,29.22,1809
GILLETTE,41.62,0.0,7.32,LOW,29.2,1810
MOKSH,41.47,0.0,7.35,LOW,29.19,1811
DODLA,41.37,0.0,7.37,LOW,29.18,1812
DHRUV,42.17,0.0,7.16,LOW,29.14,1813
TATVA,41.53,0.0,7.31,LOW,29.14,1814
AVG,41.55,0.0,7.3,LOW,29.13,1815
SANATHAN,41.32,0.0,7.35,LOW,29.13,1816
HPAL,41.78,0.0,7.24,LOW,29.12,1817
CHEMPLASTS,24.31,2.0,6.28,LOW,29.06,1818
UMAEXPORTS,24.29,2.0,6.28,LOW,29.05,1819
NCC,41.5,0.0,7.25,LOW,29.03,1820
COMSYN,41.13,0.0,7.32,LOW,29.0,1821
SITINET,41.17,0.0,7.3,LOW,28.98,1822
INDUSTOWER,40.62,0.0,7.42,LOW,28.97,1823
SHIVAMAUTO,24.3,2.0,6.23,LOW,28.97,1824
PRITI,24.4,2.0,6.18,LOW,28.93,1825
PNGJL,41.99,0.0,7.07,LOW,28.92,1826
RUSTOMJEE,41.02,0.0,7.29,LOW,28.91,1827
STARPAPER,40.97,0.0,7.3,LOW,28.9,1828
MANGALAM,40.85,0.0,7.32,LOW,28.89,1829
VENTIVE,40.64,0.0,7.37,LOW,28.89,1830
ARTNIRMAN,40.8,0.0,7.29,LOW,28.82,1831
SHIVATEX,23.44,2.0,6.34,LOW,28.82,1832
AIROLAM,23.54,2.0,6.29,LOW,28.77,1833
BRNL,40.84,0.0,7.24,LOW,28.75,1834
MSCIINDIA,40.59,0.0,7.3,LOW,28.75,1835
LFIC,13.51,4.0,3.6,LOW,28.72,1836
GLOBALVECT,41.41,0.0,7.08,LOW,28.7,1837
EMKAYTOOLS,40.97,0.0,7.17,LOW,28.68,1838
ECLERX,40.74,0.0,7.22,LOW,28.67,1839
DELPHIFX,22.89,2.0,6.37,LOW,28.65,1840
PENTAGON,23.29,2.0,6.27,LOW,28.64,1841
ANMOL,40.59,0.0,7.22,LOW,28.61,1842
VGUARD,40.64,0.0,7.19,LOW,28.58,1843
SPLPETRO,40.64,0.0,7.17,LOW,28.55,1844
NPBET,22.69,2.0,6.35,LOW,28.53,1845
SHYAMCENT,40.54,0.0,7.18,LOW,28.52,1846
BAYERCROP,40.58,0.0,7.16,LOW,28.51,1847
SHILCTECH,40.75,0.0,7.09,LOW,28.45,1848
HMAAGRO,22.79,2.0,6.27,LOW,28.44,1849
DENORA,40.61,0.0,7.09,LOW,28.4,1850
ONDOOR,39.55,0.0,7.32,LOW,28.37,1851
TECHLABS,23.26,2.0,6.11,LOW,28.35,1852
PRAKASHSTL,40.13,0.0,7.16,LOW,28.33,1853
NETWORK18,23.37,2.0,6.06,LOW,28.31,1854
VITAL,40.58,0.0,7.04,LOW,28.3,1855
RICOAUTO,22.51,2.0,6.25,LOW,28.29,1856
ISHAN,22.7,2.0,6.16,LOW,28.21,1857
INFOLLION,38.86,0.0,7.35,LOW,28.14,1858
GHCL,39.97,0.0,7.08,LOW,28.13,1859
MADRASFERT,39.35,0.0,7.23,LOW,28.13,1860
BVCL,39.17,0.0,7.26,LOW,28.11,1861
GICL,39.25,0.0,7.22,LOW,28.08,1862
WSI,39.54,0.0,7.15,LOW,28.07,1863
GOYALALUM,39.16,0.0,7.22,LOW,28.04,1864
MAL,22.14,2.0,6.19,LOW,28.04,1865
HERITGFOOD,39.45,0.0,7.14,LOW,28.02,1866
IGL,39.28,0.0,7.15,LOW,27.97,1867
SHAKTIPUMP,39.38,0.0,7.12,LOW,27.96,1868
PRAENG,39.15,0.0,7.15,LOW,27.92,1869
MOSERVICE,22.22,2.0,6.1,LOW,27.92,1870
ENIL,38.67,0.0,7.25,LOW,27.9,1871
WONDERLA,39.56,0.0,7.04,LOW,27.89,1872
VIRINCHI,22.87,2.0,5.91,LOW,27.85,1873
MFSL,21.42,2.0,6.24,LOW,27.84,1874
RELIANCE,38.88,0.0,7.16,LOW,27.83,1875
MVGJL,39.34,0.0,7.04,LOW,27.8,1876
LASA,38.91,0.0,7.14,LOW,27.8,1877
ROTO,38.75,0.0,7.15,LOW,27.76,1878
VESUVIUS,38.7,0.0,7.16,LOW,27.75,1879
VERITAAS,21.85,2.0,6.07,LOW,27.72,1880
KRITI,39.12,0.0,7.03,LOW,27.7,1881
LODHA,38.32,0.0,7.21,LOW,27.69,1882
INM,38.5,0.0,7.16,LOW,27.67,1883
RACLGEAR,21.7,2.0,6.08,LOW,27.67,1884
TIL,22.16,2.0,5.96,LOW,27.65,1885
VINNY,38.47,0.0,7.13,LOW,27.61,1886
TICL,37.98,0.0,7.23,LOW,27.59,1887
ALICON,38.51,0.0,7.1,LOW,27.58,1888
PRUDMOULI,21.56,2.0,6.06,LOW,27.58,1889
HPL,38.07,0.0,7.19,LOW,27.55,1890
ALKEM,38.37,0.0,7.1,LOW,27.52,1891
SPCL,20.95,2.0,6.14,LOW,27.48,1892
RBZJEWEL,38.84,0.0,6.96,LOW,27.47,1893
SHREERAMA,21.1,2.0,6.1,LOW,27.47,1894
SMLMAH,21.55,2.0,5.99,LOW,27.46,1895
HEADSUP,21.08,2.0,6.1,LOW,27.46,1896
BALUFORGE,37.94,0.0,7.13,LOW,27.4,1897
INDRAMEDCO,38.73,0.0,6.94,LOW,27.39,1898
UNITDSPR,38.05,0.0,7.1,LOW,27.39,1899
LICNFNHGP,37.85,0.0,7.14,LOW,27.38,1900
SURAJEST,21.39,2.0,5.98,LOW,27.38,1901
DICIND,37.84,0.0,7.13,LOW,27.36,1902
HINDCOMPOS,38.56,0.0,6.93,LOW,27.3,1903
MANDEEP,38.04,0.0,7.03,LOW,27.27,1904
ABFRL,37.72,0.0,7.09,LOW,27.24,1905
DIAMINESQ,37.78,0.0,7.06,LOW,27.21,1906
PPL,37.86,0.0,7.03,LOW,27.2,1907
RSSOFTWARE,38.18,0.0,6.94,LOW,27.17,1908
EMSLIMITED,37.88,0.0,7.01,LOW,27.17,1909
GRMOVER,37.25,0.0,7.14,LOW,27.14,1910
PRLIND,20.76,2.0,5.98,LOW,27.13,1911
EIMCOELECO,37.43,0.0,7.07,LOW,27.09,1912
BHARTIHEXA,37.29,0.0,7.1,LOW,27.09,1913
LIBERTSHOE,37.49,0.0,7.04,LOW,27.06,1914
PROZONER,37.85,0.0,6.94,LOW,27.04,1915
APLAPOLLO,21.44,2.0,5.76,LOW,27.02,1916
CREST,36.95,0.0,7.12,LOW,26.99,1917
DBCORP,37.17,0.0,7.06,LOW,26.97,1918
SARVESHWAR,36.97,0.0,7.1,LOW,26.96,1919
HMT,37.43,0.0,6.98,LOW,26.94,1920
KKVAPOW,36.8,0.0,7.13,LOW,26.94,1921
EIFFL,36.68,0.0,7.15,LOW,26.93,1922
HOMEFIRST,36.79,0.0,7.12,LOW,26.92,1923
AAATECH,37.4,0.0,6.96,LOW,26.89,1924
GIRIRAJ,36.73,0.0,7.11,LOW,26.88,1925
BIL,36.84,0.0,7.08,LOW,26.87,1926
BASF,37.12,0.0,7.0,LOW,26.85,1927
BAJAJINDEF,37.19,0.0,6.97,LOW,26.82,1928
ORIENTALTL,37.12,0.0,6.98,LOW,26.81,1929
AJMERA,19.42,2.0,6.11,LOW,26.81,1930
PANSARI,36.69,0.0,7.07,LOW,26.8,1931
BIRET,36.67,0.0,7.06,LOW,26.77,1932
POWERGRID,37.3,0.0,6.9,LOW,26.75,1933
RHIM,20.76,2.0,5.76,LOW,26.75,1934
GATEWAY,36.73,0.0,7.02,LOW,26.73,1935
PRAXIS,19.88,2.0,5.95,LOW,26.72,1936
MAGADSUGAR,36.83,0.0,6.99,LOW,26.71,1937
MBEL,36.86,0.0,6.97,LOW,26.69,1938
ASHOKLEY,21.01,2.0,5.64,LOW,26.64,1939
NILAINFRA,36.4,0.0,7.04,LOW,26.63,1940
MIDWESTLTD,36.66,0.0,6.97,LOW,26.61,1941
DGCONTENT,36.09,0.0,7.07,LOW,26.56,1942
JYOTICNC,20.72,2.0,5.66,LOW,26.56,1943
SBFC,36.11,0.0,7.06,LOW,26.55,1944
DOLATALGO,36.23,0.0,7.03,LOW,26.54,1945
VSTL,36.8,0.0,6.89,LOW,26.53,1946
MOIL,36.51,0.0,6.95,LOW,26.52,1947
FILATFASH,36.3,0.0,6.98,LOW,26.49,1948
TAPIFRUIT,19.18,2.0,5.98,LOW,26.49,1949
ZENITHDRUG,36.5,0.0,6.93,LOW,26.48,1950
INDIQUBE,35.95,0.0,7.06,LOW,26.48,1951
ZEAL,20.21,2.0,5.73,LOW,26.48,1952
GALAXYSURF,36.01,0.0,7.01,LOW,26.42,1953
TRIDENT,35.88,0.0,7.03,LOW,26.4,1954
TARC,35.97,0.0,6.98,LOW,26.35,1955
TGBHOTELS,35.98,0.0,6.97,LOW,26.34,1956
NUCLEUS,36.26,0.0,6.9,LOW,26.33,1957
BYKE,19.84,2.0,5.73,LOW,26.33,1958
GVPTECH,36.39,0.0,6.86,LOW,26.32,1959
SERVICE,35.65,0.0,7.03,LOW,26.31,1960
DEVYANI,35.37,0.0,7.09,LOW,26.3,1961
HIGREEN,19.13,2.0,5.88,LOW,26.3,1962
BOHRAIND,18.56,2.0,6.0,LOW,26.28,1963
DOMS,36.01,0.0,6.92,LOW,26.27,1964
BABAFP,35.73,0.0,6.99,LOW,26.27,1965
ABLBL,35.66,0.0,7.0,LOW,26.26,1966
KOTAKBANK,35.52,0.0,7.02,LOW,26.24,1967
SINCLAIR,35.64,0.0,6.98,LOW,26.22,1968
PUNJABCHEM,19.18,2.0,5.8,LOW,26.19,1969
VINATIORGA,35.35,0.0,7.01,LOW,26.16,1970
INTENTECH,36.1,0.0,6.83,LOW,26.15,1971
KSOLVES,36.57,0.0,6.71,LOW,26.13,1972
UNOMINDA,35.36,0.0,6.97,LOW,26.09,1973
AWHCL,35.56,0.0,6.9,LOW,26.05,1974
BAJAJHFL,35.47,0.0,6.92,LOW,26.05,1975
TVTODAY,35.17,0.0,6.98,LOW,26.03,1976
ECAPINSURE,34.81,0.0,7.06,LOW,26.03,1977
AXITA,35.5,0.0,6.88,LOW,25.99,1978
HLVLTD,35.49,0.0,6.88,LOW,25.99,1979
MPTODAY,34.8,0.0,7.04,LOW,25.99,1980
BESTAGRO,35.43,0.0,6.87,LOW,25.95,1981
IL&FSTRANS,35.46,0.0,6.86,LOW,25.94,1982
MOTOUR,34.98,0.0,6.97,LOW,25.94,1983
INFOMEDIA,34.84,0.0,7.0,LOW,25.94,1984
AKG,35.34,0.0,6.88,LOW,25.93,1985
FORCEMOT,19.7,2.0,5.53,LOW,25.93,1986
VIDHIING,34.96,0.0,6.96,LOW,25.92,1987
ASTRON,35.37,0.0,6.85,LOW,25.89,1988
RITES,35.18,0.0,6.87,LOW,25.85,1989
VLSFINANCE,34.82,0.0,6.95,LOW,25.84,1990
REPL,18.92,2.0,5.66,LOW,25.84,1991
DOLLEX,34.45,0.0,7.03,LOW,25.83,1992
ENFUSE,17.6,2.0,5.96,LOW,25.83,1993
MCLEODRUSS,34.49,0.0,7.0,LOW,25.8,1994
DAVANGERE,34.42,0.0,7.01,LOW,25.79,1995
SELMC,34.87,0.0,6.89,LOW,25.76,1996
KSB,35.71,0.0,6.68,LOW,25.74,1997
VERTOZ,35.29,0.0,6.77,LOW,25.72,1998
JUBLCPL,34.49,0.0,6.95,LOW,25.71,1999
FEL,34.6,0.0,6.89,LOW,25.65,2000
RACE,34.69,0.0,6.86,LOW,25.64,2001
ESTER,34.49,0.0,6.91,LOW,25.64,2002
HATHWAY,34.55,0.0,6.89,LOW,25.63,2003
INDIGO,34.39,0.0,6.92,LOW,25.62,2004
HEG,34.89,0.0,6.79,LOW,25.6,2005
KHAICHEM,34.72,0.0,6.83,LOW,25.6,2006
TEXMOPIPES,34.44,0.0,6.89,LOW,25.59,2007
RGL,34.64,0.0,6.84,LOW,25.58,2008
MARUTI,34.58,0.0,6.84,LOW,25.56,2009
ARIES,34.69,0.0,6.79,LOW,25.52,2010
SMSPHARMA,35.11,0.0,6.69,LOW,25.51,2011
QUESTLAB,17.93,2.0,5.69,LOW,25.5,2012
AARTECH,35.18,0.0,6.66,LOW,25.49,2013
SARDAEN,34.59,0.0,6.79,LOW,25.48,2014
RPPINFRA,18.36,2.0,5.57,LOW,25.46,2015
TRANSTEEL,17.62,2.0,5.74,LOW,25.46,2016
KAVDEFENCE,34.6,0.0,6.73,LOW,25.38,2017
PATELRMART,33.67,0.0,6.95,LOW,25.38,2018
CENTRALBK,18.0,2.0,5.6,LOW,25.37,2019
PAVNAIND,17.88,2.0,5.63,LOW,25.37,2020
ANKITMETAL,33.79,0.0,6.91,LOW,25.36,2021
BLACKBUCK,35.01,0.0,6.62,LOW,25.35,2022
ORIENTTECH,34.27,0.0,6.79,LOW,25.35,2023
PAKKA,34.32,0.0,6.77,LOW,25.33,2024
PROSTARM,34.19,0.0,6.79,LOW,25.32,2025
SOMICONVEY,34.12,0.0,6.81,LOW,25.32,2026
GAYAHWS,34.05,0.0,6.82,LOW,25.31,2027
MUKKA,33.75,0.0,6.89,LOW,25.31,2028
BDL,34.15,0.0,6.77,LOW,25.27,2029
GLOBUSSPR,34.23,0.0,6.75,LOW,25.26,2030
MUTHOOTFIN,33.8,0.0,6.85,LOW,25.26,2031
SILINV,33.78,0.0,6.84,LOW,25.24,2032
PAR,33.54,0.0,6.9,LOW,25.24,2033
INDOFARM,34.25,0.0,6.72,LOW,25.22,2034
DESTINY,33.94,0.0,6.78,LOW,25.2,2035
PATANJALI,33.63,0.0,6.84,LOW,25.18,2036
ICICIPRULI,17.62,2.0,5.56,LOW,25.15,2037
JUSTDIAL,33.14,0.0,6.93,LOW,25.14,2038
MKPL,33.26,0.0,6.9,LOW,25.13,2039
EFORCE,17.47,2.0,5.57,LOW,25.11,2040
JHS,33.13,0.0,6.91,LOW,25.1,2041
CENTEXT,33.54,0.0,6.8,LOW,25.07,2042
MEP,33.15,0.0,6.89,LOW,25.07,2043
SIRCA,33.49,0.0,6.79,LOW,25.04,2044
DAMCAPITAL,33.11,0.0,6.88,LOW,25.04,2045
CONTROLPR,33.48,0.0,6.79,LOW,25.03,2046
AGARIND,16.77,2.0,5.69,LOW,25.03,2047
BAGFILMS,33.07,0.0,6.87,LOW,25.01,2048
EDELWEISS,33.05,0.0,6.85,LOW,24.96,2049
CUB,33.27,0.0,6.79,LOW,24.95,2050
REPCOHOME,32.86,0.0,6.88,LOW,24.94,2051
DCMSRIND,32.79,0.0,6.88,LOW,24.91,2052
DIGIKORE,32.69,0.0,6.89,LOW,24.89,2053
ELDEHSG,32.98,0.0,6.81,LOW,24.87,2054
RAMKY,33.53,0.0,6.67,LOW,24.85,2055
ARABIAN,32.59,0.0,6.88,LOW,24.83,2056
STANLEY,32.28,0.0,6.94,LOW,24.81,2057
TITAN,33.16,0.0,6.73,LOW,24.8,2058
OBCL,32.82,0.0,6.81,LOW,24.8,2059
INDIACEM,32.8,0.0,6.8,LOW,24.78,2060
CCHHL,32.95,0.0,6.72,LOW,24.7,2061
POKARNA,32.86,0.0,6.74,LOW,24.7,2062
ALEMBICLTD,32.36,0.0,6.85,LOW,24.69,2063
CAMLINFINE,31.93,0.0,6.94,LOW,24.67,2064
REPRO,32.67,0.0,6.75,LOW,24.64,2065
ABREL,32.83,0.0,6.71,LOW,24.63,2066
AGROPHOS,32.46,0.0,6.78,LOW,24.61,2067
BMWVENTLTD,32.03,0.0,6.87,LOW,24.59,2068
DIGITIDE,32.68,0.0,6.71,LOW,24.57,2069
TIRUMALCHM,32.16,0.0,6.82,LOW,24.56,2070
BBTC,32.29,0.0,6.78,LOW,24.54,2071
TORNTPOWER,32.66,0.0,6.69,LOW,24.53,2072
BAJAJHCARE,33.0,0.0,6.59,LOW,24.5,2073
BEL,32.79,0.0,6.64,LOW,24.5,2074
GSLSU,16.63,2.0,5.4,LOW,24.48,2075
TRU,31.98,0.0,6.81,LOW,24.47,2076
LOVABLE,31.75,0.0,6.86,LOW,24.46,2077
SKFINDIA,32.02,0.0,6.79,LOW,24.45,2078
CIEINDIA,32.17,0.0,6.75,LOW,24.44,2079
SSDL,31.92,0.0,6.81,LOW,24.44,2080
OMAXE,31.76,0.0,6.84,LOW,24.43,2081
ADROITINFO,32.39,0.0,6.69,LOW,24.42,2082
TI,32.08,0.0,6.75,LOW,24.4,2083
HAVISHA,31.88,0.0,6.79,LOW,24.39,2084
BEACON,31.36,0.0,6.9,LOW,24.37,2085
AROGRANITE,32.26,0.0,6.67,LOW,24.34,2086
PRICOLLTD,31.69,0.0,6.8,LOW,24.33,2087
RAMAPHO,32.51,0.0,6.59,LOW,24.3,2088
INDOUS,15.75,2.0,5.48,LOW,24.27,2089
KAYA,16.27,2.0,5.35,LOW,24.25,2090
DHUNINV,15.46,2.0,5.54,LOW,24.25,2091
MAKS,31.49,0.0,6.79,LOW,24.24,2092
TRUST,16.16,2.0,5.33,LOW,24.17,2093
DVL,31.0,0.0,6.86,LOW,24.16,2094
EUREKAFORB,31.39,0.0,6.75,LOW,24.13,2095
NIRAJ,31.38,0.0,6.74,LOW,24.11,2096
SNOWMAN,31.95,0.0,6.6,LOW,24.09,2097
CELEBRITY,31.06,0.0,6.79,LOW,24.06,2098
SHANTI,31.36,0.0,6.71,LOW,24.05,2099
JAINREC,31.69,0.0,6.62,LOW,24.02,2100
AARTISURF,30.86,0.0,6.78,LOW,23.97,2101
AGARWALFT,14.52,2.0,5.58,LOW,23.95,2102
FLAIR,31.69,0.0,6.57,LOW,23.94,2103
VEEKAYEM,30.67,0.0,6.81,LOW,23.94,2104
SADHAV,31.15,0.0,6.68,LOW,23.91,2105
IRCON,31.49,0.0,6.58,LOW,23.88,2106
MAANALU,31.04,0.0,6.69,LOW,23.88,2107
SRD,30.84,0.0,6.73,LOW,23.87,2108
UTIAMC,31.03,0.0,6.68,LOW,23.86,2109
TRACXN,31.19,0.0,6.63,LOW,23.84,2110
HALDER,31.0,0.0,6.67,LOW,23.83,2111
KOTARISUG,31.09,0.0,6.64,LOW,23.82,2112
ACI,31.26,0.0,6.59,LOW,23.8,2113
ODIGMA,15.42,2.0,5.28,LOW,23.79,2114
AKI,30.6,0.0,6.73,LOW,23.78,2115
DENTA,31.37,0.0,6.54,LOW,23.76,2116
FIBERWEB,16.22,2.0,5.06,LOW,23.73,2117
MAGNUM,30.68,0.0,6.68,LOW,23.72,2118
CBAZAAR,30.95,0.0,6.61,LOW,23.71,2119
CONCOR,30.68,0.0,6.64,LOW,23.65,2120
BRIGADE,31.03,0.0,6.55,LOW,23.64,2121
SUNCLAY,30.67,0.0,6.62,LOW,23.62,2122
RMDRIP,17.99,2.0,4.57,LOW,23.6,2123
PAYTM,30.2,0.0,6.71,LOW,23.58,2124
ALGOQUANT,29.9,0.0,6.76,LOW,23.55,2125
URBAN,29.91,0.0,6.75,LOW,23.54,2126
SUVIDHAA,31.0,0.0,6.48,LOW,23.51,2127
CAPACITE,30.93,0.0,6.48,LOW,23.48,2128
VIKASECO,30.33,0.0,6.62,LOW,23.48,2129
3PLAND,30.56,0.0,6.56,LOW,23.47,2130
ASTRAL,30.22,0.0,6.63,LOW,23.45,2131
NBIFIN,29.99,0.0,6.62,LOW,23.34,2132
CANHLIFE,29.92,0.0,6.63,LOW,23.33,2133
INDIANHUME,29.97,0.0,6.61,LOW,23.32,2134
REFRACTORY,15.18,2.0,5.06,LOW,23.32,2135
LTFOODS,29.87,0.0,6.63,LOW,23.31,2136
POLYSIL,14.78,2.0,5.15,LOW,23.31,2137
HUHTAMAKI,30.19,0.0,6.55,LOW,23.3,2138
INTERARCH,30.16,0.0,6.55,LOW,23.29,2139
GSTL,29.45,0.0,6.69,LOW,23.25,2140
SHREYANIND,30.44,0.0,6.45,LOW,23.23,2141
NSIL,29.17,0.0,6.72,LOW,23.19,2142
ESG,29.14,0.0,6.73,LOW,23.19,2143
GMBREW,29.33,0.0,6.67,LOW,23.17,2144
ANTGRAPHIC,29.62,0.0,6.6,LOW,23.16,2145
ITC,29.18,0.0,6.65,LOW,23.07,2146
SONUINFRA,14.23,2.0,5.13,LOW,23.06,2147
JKCEMENT,29.21,0.0,6.59,LOW,22.98,2148
DKEGL,29.35,0.0,6.53,LOW,22.93,2149
CROWN,29.27,0.0,6.53,LOW,22.9,2150
WALPAR,13.98,2.0,5.06,LOW,22.84,2151
BAIDFIN,28.7,0.0,6.62,LOW,22.83,2152
PILANIINVS,28.89,0.0,6.55,LOW,22.78,2153
PATELENG,28.6,0.0,6.61,LOW,22.77,2154
SEPC,28.76,0.0,6.56,LOW,22.75,2155
SUNDARAM,28.59,0.0,6.6,LOW,22.75,2156
GLAXO,29.09,0.0,6.48,LOW,22.74,2157
TRANSWIND,13.83,2.0,5.03,LOW,22.73,2158
SUPREMEIND,28.61,0.0,6.58,LOW,22.72,2159
THEJO,29.16,0.0,6.42,LOW,22.67,2160
IRFC,28.52,0.0,6.56,LOW,22.65,2161
TOUCHWOOD,28.08,0.0,6.66,LOW,22.65,2162
ESSARSHPNG,29.25,0.0,6.38,LOW,22.64,2163
CORALFINAC,28.67,0.0,6.51,LOW,22.63,2164
IRCTC,28.59,0.0,6.53,LOW,22.63,2165
SHALPAINTS,28.4,0.0,6.57,LOW,22.62,2166
KITEX,28.14,0.0,6.58,LOW,22.54,2167
RECLTD,28.53,0.0,6.46,LOW,22.49,2168
TVSHLTD,28.25,0.0,6.53,LOW,22.49,2169
BALKRISIND,28.24,0.0,6.53,LOW,22.49,2170
PASHUPATI,27.95,0.0,6.6,LOW,22.49,2171
SAPPHIRE,27.93,0.0,6.59,LOW,22.47,2172
VASWANI,28.42,0.0,6.47,LOW,22.46,2173
ICRA,27.7,0.0,6.62,LOW,22.43,2174
TAC,29.7,0.0,6.14,LOW,22.41,2175
DEN,27.98,0.0,6.53,LOW,22.39,2176
GODAVARIB,28.56,0.0,6.39,LOW,22.38,2177
CCCL,28.89,0.0,6.29,LOW,22.34,2178
GEEKAYWIRE,28.32,0.0,6.42,LOW,22.33,2179
AHLADA,28.67,0.0,6.33,LOW,22.32,2180
IXIGO,27.93,0.0,6.49,LOW,22.3,2181
SAURASHCEM,27.66,0.0,6.51,LOW,22.22,2182
FINOPB,11.5,2.0,5.26,LOW,22.19,2183
VIKASLIFE,27.58,0.0,6.49,LOW,22.16,2184
PULZ,27.37,0.0,6.53,LOW,22.14,2185
SUPREMEENG,28.68,0.0,6.22,LOW,22.13,2186
MAXHEALTH,27.7,0.0,6.44,LOW,22.12,2187
KDL,27.85,0.0,6.4,LOW,22.11,2188
RELTD,28.03,0.0,6.35,LOW,22.1,2189
NIRAJISPAT,27.37,0.0,6.5,LOW,22.09,2190
SULA,27.33,0.0,6.51,LOW,22.09,2191
AARTIPHARM,27.43,0.0,6.44,LOW,22.01,2192
BOROLTD,27.86,0.0,6.33,LOW,22.0,2193
SDBL,27.11,0.0,6.48,LOW,21.95,2194
CPEDU,27.04,0.0,6.49,LOW,21.94,2195
INDIAMART,27.15,0.0,6.46,LOW,21.93,2196
MOLDTECH,27.83,0.0,6.29,LOW,21.91,2197
AATMAJ,26.64,0.0,6.56,LOW,21.9,2198
LEMERITE,17.1,2.0,3.77,LOW,21.87,2199
CCAVENUE,27.51,0.0,6.32,LOW,21.84,2200
MEGAFLEX,27.33,0.0,6.36,LOW,21.83,2201
SUBROS,27.01,0.0,6.43,LOW,21.83,2202
TGL,14.23,2.0,4.41,LOW,21.82,2203
MRF,27.16,0.0,6.38,LOW,21.8,2204
WHIRLPOOL,26.78,0.0,6.46,LOW,21.79,2205
EIHAHOTELS,26.67,0.0,6.49,LOW,21.79,2206
DCBBANK,26.75,0.0,6.46,LOW,21.77,2207
TCIEXP,26.82,0.0,6.43,LOW,21.75,2208
TOLINS,26.93,0.0,6.38,LOW,21.71,2209
MONOPHARMA,27.01,0.0,6.35,LOW,21.69,2210
HDBFS,26.17,0.0,6.51,LOW,21.63,2211
VRLLOG,26.76,0.0,6.37,LOW,21.62,2212
DREAMFOLKS,26.95,0.0,6.31,LOW,21.6,2213
AXISBANK,26.35,0.0,6.44,LOW,21.58,2214
ANDHRAPAP,26.41,0.0,6.42,LOW,21.57,2215
AJOONI,25.91,0.0,6.53,LOW,21.56,2216
VILAS,26.58,0.0,6.37,LOW,21.55,2217
SBGLP,26.68,0.0,6.32,LOW,21.51,2218
LANDMARK,26.63,0.0,6.33,LOW,21.5,2219
DPSCLTD,26.74,0.0,6.27,LOW,21.44,2220
PARASPETRO,26.21,0.0,6.39,LOW,21.44,2221
AMBUJACEM,26.04,0.0,6.4,LOW,21.39,2222
ORIENTCEM,26.0,0.0,6.41,LOW,21.39,2223
ESFL,25.83,0.0,6.45,LOW,21.39,2224
KRSNAA,26.76,0.0,6.23,LOW,21.38,2225
THOMASCOOK,26.81,0.0,6.21,LOW,21.37,2226
JSL,26.47,0.0,6.28,LOW,21.35,2227
SKFINDUS,26.35,0.0,6.3,LOW,21.34,2228
COUNCODOS,26.1,0.0,6.36,LOW,21.34,2229
ICICIGI,25.75,0.0,6.4,LOW,21.27,2230
VIVIMEDLAB,26.62,0.0,6.19,LOW,21.26,2231
TRANSRAILL,26.61,0.0,6.19,LOW,21.26,2232
NDGL,25.24,0.0,6.49,LOW,21.22,2233
SAMPANN,26.27,0.0,6.24,LOW,21.21,2234
INOXWIND,26.3,0.0,6.22,LOW,21.18,2235
TARMAT,26.26,0.0,6.23,LOW,21.18,2236
FLEXITUFF,25.47,0.0,6.41,LOW,21.18,2237
THELEELA,25.4,0.0,6.42,LOW,21.17,2238
UJJIVANSFB,25.64,0.0,6.35,LOW,21.14,2239
M&M,25.47,0.0,6.38,LOW,21.13,2240
RAJTV,13.18,2.0,4.25,LOW,21.13,2241
UNICHEMLAB,25.58,0.0,6.34,LOW,21.1,2242
DALBHARAT,25.92,0.0,6.25,LOW,21.08,2243
PIIND,26.02,0.0,6.22,LOW,21.07,2244
AMJLAND,25.87,0.0,6.25,LOW,21.06,2245
KEC,26.17,0.0,6.17,LOW,21.05,2246
YUKEN,25.75,0.0,6.27,LOW,21.05,2247
M&MFIN,25.63,0.0,6.3,LOW,21.05,2248
HINDUNILVR,25.29,0.0,6.37,LOW,21.04,2249
EIHOTEL,25.38,0.0,6.34,LOW,21.02,2250
SLONE,26.1,0.0,6.16,LOW,21.0,2251
PFIZER,25.24,0.0,6.36,LOW,21.0,2252
KIRIINDUS,25.3,0.0,6.34,LOW,20.99,2253
ZAGGLE,26.32,0.0,6.08,LOW,20.95,2254
TECHNOE,25.53,0.0,6.24,LOW,20.91,2255
BIRLANU,25.51,0.0,6.24,LOW,20.9,2256
EIDPARRY,25.56,0.0,6.22,LOW,20.89,2257
SUMMITSEC,25.01,0.0,6.34,LOW,20.87,2258
PARKHOTELS,24.59,0.0,6.43,LOW,20.86,2259
CRAYONS,25.04,0.0,6.32,LOW,20.85,2260
HEIDELBERG,25.14,0.0,6.29,LOW,20.84,2261
NOVAAGRI,24.96,0.0,6.33,LOW,20.84,2262
RUDRA,25.9,0.0,6.1,LOW,20.82,2263
SECURKLOUD,26.15,0.0,6.04,LOW,20.81,2264
MAPMYINDIA,25.88,0.0,6.1,LOW,20.81,2265
ARCHIES,24.48,0.0,6.42,LOW,20.8,2266
CINELINE,25.06,0.0,6.28,LOW,20.79,2267
CHOICEIN,24.72,0.0,6.34,LOW,20.76,2268
ITCHOTELS,24.55,0.0,6.35,LOW,20.71,2269
HAVELLS,25.16,0.0,6.2,LOW,20.69,2270
INNOVANA,25.35,0.0,6.14,LOW,20.67,2271
INDBANK,24.41,0.0,6.36,LOW,20.67,2272
SIKKO,25.25,0.0,6.14,LOW,20.63,2273
MIRZAINT,24.65,0.0,6.28,LOW,20.63,2274
ORICONENT,24.5,0.0,6.32,LOW,20.63,2275
KAYNES,26.3,0.0,5.88,LOW,20.6,2276
RAJOOENG,25.4,0.0,6.09,LOW,20.6,2277
ICICIBANK,24.5,0.0,6.3,LOW,20.6,2278
GREENPANEL,24.71,0.0,6.24,LOW,20.58,2279
UNITECH,23.94,0.0,6.42,LOW,20.58,2280
APOLLOTYRE,24.99,0.0,6.15,LOW,20.54,2281
TRF,24.91,0.0,6.17,LOW,20.54,2282
ASIANTILES,25.42,0.0,6.03,LOW,20.51,2283
VASCONEQ,24.92,0.0,6.13,LOW,20.48,2284
PETRONET,24.07,0.0,6.32,LOW,20.46,2285
TATACAP,24.39,0.0,6.22,LOW,20.42,2286
VR,24.36,0.0,6.22,LOW,20.41,2287
HILINFRA,24.81,0.0,6.09,LOW,20.36,2288
HEROMOTOCO,23.97,0.0,6.26,LOW,20.32,2289
MADHAVBAUG,24.0,0.0,6.23,LOW,20.28,2290
DOLLAR,23.69,0.0,6.3,LOW,20.28,2291
MCON,24.59,0.0,6.08,LOW,20.26,2292
NILASPACES,23.85,0.0,6.24,LOW,20.24,2293
MOL,23.84,0.0,6.24,LOW,20.23,2294
CRISIL,23.86,0.0,6.23,LOW,20.22,2295
ACC,23.68,0.0,6.27,LOW,20.22,2296
STEELCITY,23.52,0.0,6.28,LOW,20.17,2297
SCODATUBES,24.51,0.0,6.04,LOW,20.16,2298
EPACK,23.89,0.0,6.18,LOW,20.15,2299
KKCL,23.61,0.0,6.24,LOW,20.14,2300
SWIGGY,23.86,0.0,6.15,LOW,20.09,2301
CEATLTD,23.78,0.0,6.17,LOW,20.09,2302
IOB,23.26,0.0,6.29,LOW,20.09,2303
ECOSMOBLTY,23.61,0.0,6.18,LOW,20.04,2304
STUDDS,23.44,0.0,6.22,LOW,20.04,2305
SBILIFE,23.35,0.0,6.24,LOW,20.04,2306
AKSHARCHEM,23.24,0.0,6.27,LOW,20.04,2307
TFL,22.78,0.0,6.37,LOW,20.03,2308
ULTRACEMCO,23.08,0.0,6.27,LOW,19.98,2309
OSWALAGRO,23.62,0.0,6.14,LOW,19.97,2310
SESHAPAPER,23.79,0.0,6.08,LOW,19.94,2311
ORIANA,23.61,0.0,6.08,LOW,19.87,2312
GMMPFAUDLR,23.94,0.0,6.0,LOW,19.86,2313
ELIN,23.09,0.0,6.19,LOW,19.85,2314
RENUKA,23.98,0.0,5.98,LOW,19.84,2315
SYMPHONY,23.59,0.0,6.07,LOW,19.84,2316
CHOLAHLDNG,22.93,0.0,6.22,LOW,19.83,2317
BLUEDART,23.54,0.0,6.07,LOW,19.82,2318
TPHQ,23.39,0.0,6.1,LOW,19.81,2319
SANOFI,23.51,0.0,6.04,LOW,19.76,2320
GULFOILLUB,22.75,0.0,6.22,LOW,19.76,2321
MALLCOM,23.06,0.0,6.12,LOW,19.72,2322
KALYANKJIL,23.81,0.0,5.94,LOW,19.71,2323
ALLETEC,23.12,0.0,6.09,LOW,19.69,2324
BRITANNIA,23.0,0.0,6.1,LOW,19.66,2325
BFSI,22.28,0.0,6.27,LOW,19.66,2326
PENINLAND,23.74,0.0,5.91,LOW,19.63,2327
BLUESTARCO,23.58,0.0,5.94,LOW,19.61,2328
GNA,23.19,0.0,6.02,LOW,19.6,2329
WEL,23.22,0.0,6.01,LOW,19.59,2330
BANARBEADS,22.14,0.0,6.26,LOW,19.59,2331
MAHLOG,23.58,0.0,5.9,LOW,19.55,2332
ALOKINDS,23.03,0.0,6.03,LOW,19.55,2333
PGEL,23.91,0.0,5.8,LOW,19.51,2334
PROLIFE,21.86,0.0,6.28,LOW,19.51,2335
JISLJALEQS,22.91,0.0,6.03,LOW,19.5,2336
ADVANCE,22.46,0.0,6.13,LOW,19.49,2337
PIONEEREMB,21.9,0.0,6.26,LOW,19.49,2338
DECCANCE,22.53,0.0,6.1,LOW,19.47,2339
RAJRILTD,21.83,0.0,6.23,LOW,19.41,2340
NAGAFERT,22.28,0.0,6.11,LOW,19.39,2341
RPSGVENT,23.53,0.0,5.81,LOW,19.37,2342
CENTRUM,22.24,0.0,6.1,LOW,19.35,2343
RALLIS,22.48,0.0,6.03,LOW,19.33,2344
BELLACASA,22.49,0.0,6.02,LOW,19.32,2345
AUTOAXLES,21.91,0.0,6.15,LOW,19.31,2346
BAJAJFINSV,21.65,0.0,6.21,LOW,19.31,2347
AISL,21.69,0.0,6.2,LOW,19.3,2348
AVANTIFEED,22.78,0.0,5.93,LOW,19.28,2349
AGRITECH,22.05,0.0,6.1,LOW,19.28,2350
NDLVENTURE,21.46,0.0,6.24,LOW,19.28,2351
PSB,21.64,0.0,6.19,LOW,19.27,2352
IDBI,22.97,0.0,5.86,LOW,19.23,2353
GLOBE,21.74,0.0,6.13,LOW,19.2,2354
SYSTANGO,22.38,0.0,5.96,LOW,19.17,2355
CUBEXTUB,21.84,0.0,6.08,LOW,19.16,2356
PINELABS,23.91,0.0,5.59,LOW,19.15,2357
RADHIKAJWE,22.35,0.0,5.94,LOW,19.12,2358
BPCL,22.08,0.0,6.0,LOW,19.12,2359
VERTEXPLUS,21.79,0.0,6.07,LOW,19.12,2360
EMAMILTD,22.07,0.0,6.0,LOW,19.11,2361
LAXMICOT,21.64,0.0,6.07,LOW,19.06,2362
LANDSMILL,22.45,0.0,5.86,LOW,19.03,2363
JKLAKSHMI,22.05,0.0,5.95,LOW,19.02,2364
INVENTURE,20.87,0.0,6.21,LOW,18.99,2365
HERANBA,21.99,0.0,5.94,LOW,18.98,2366
SHK,21.55,0.0,6.04,LOW,18.97,2367
JUBLFOOD,21.46,0.0,6.06,LOW,18.97,2368
VSTTILLERS,21.98,0.0,5.92,LOW,18.94,2369
GOYALSALT,21.24,0.0,6.09,LOW,18.94,2370
NURECA,21.49,0.0,6.03,LOW,18.93,2371
JTEKTINDIA,21.02,0.0,6.14,LOW,18.93,2372
ABAN,22.24,0.0,5.84,LOW,18.91,2373
RVHL,21.62,0.0,5.97,LOW,18.88,2374
TVSMOTOR,21.1,0.0,6.09,LOW,18.88,2375
MSUMI,20.58,0.0,6.21,LOW,18.88,2376
BATAINDIA,21.53,0.0,5.97,LOW,18.85,2377
SALASAR,21.12,0.0,6.06,LOW,18.84,2378
SHRENIK,20.87,0.0,6.09,LOW,18.79,2379
HISARMETAL,20.9,0.0,6.06,LOW,18.75,2380
WCIL,20.99,0.0,6.03,LOW,18.73,2381
INDOTHAI,22.04,0.0,5.77,LOW,18.71,2382
COROMANDEL,21.74,0.0,5.84,LOW,18.71,2383
ESCORTS,21.95,0.0,5.78,LOW,18.69,2384
GODREJCP,21.17,0.0,5.95,LOW,18.67,2385
IOC,21.13,0.0,5.96,LOW,18.67,2386
ASMS,21.89,0.0,5.75,LOW,18.61,2387
KHADIM,20.45,0.0,6.08,LOW,18.6,2388
SHRIRAMFIN,20.92,0.0,5.96,LOW,18.59,2389
WESTLIFE,20.51,0.0,6.03,LOW,18.54,2390
BAJAJELEC,21.35,0.0,5.81,LOW,18.5,2391
TREJHARA,21.39,0.0,5.79,LOW,18.48,2392
HDFCBANK,20.11,0.0,6.07,LOW,18.45,2393
INDIANB,20.78,0.0,5.91,LOW,18.44,2394
LGHL,20.69,0.0,5.91,LOW,18.41,2395
DEVX,20.27,0.0,6.01,LOW,18.41,2396
VISAMAN,20.0,0.0,6.06,LOW,18.39,2397
UEL,21.66,0.0,5.67,LOW,18.38,2398
JPOLYINVST,20.38,0.0,5.93,LOW,18.32,2399
SHARDACROP,21.25,0.0,5.72,LOW,18.31,2400
BECTORFOOD,20.25,0.0,5.95,LOW,18.3,2401
VOLTAS,20.86,0.0,5.79,LOW,18.27,2402
UBL,20.6,0.0,5.84,LOW,18.25,2403
BORANA,20.51,0.0,5.84,LOW,18.22,2404
CANFINHOME,19.8,0.0,6.0,LOW,18.21,2405
VPRPL,20.63,0.0,5.78,LOW,18.16,2406
OSWALGREEN,20.29,0.0,5.86,LOW,18.16,2407
CANTABIL,20.32,0.0,5.84,LOW,18.14,2408
PURVFLEXI,20.08,0.0,5.89,LOW,18.13,2409
RVNL,21.44,0.0,5.57,LOW,18.12,2410
XELPMOC,20.41,0.0,5.81,LOW,18.12,2411
YATRA,20.92,0.0,5.68,LOW,18.11,2412
RAMCOCEM,20.57,0.0,5.75,LOW,18.09,2413
RAMANEWS,20.44,0.0,5.78,LOW,18.08,2414
EXXARO,19.66,0.0,5.95,LOW,18.06,2415
PGHH,19.32,0.0,6.02,LOW,18.05,2416
GLOBECIVIL,20.34,0.0,5.78,LOW,18.04,2417
SATIPOLY,19.54,0.0,5.96,LOW,18.03,2418
OSWALSEEDS,19.98,0.0,5.85,LOW,18.02,2419
RUSHIL,19.42,0.0,5.98,LOW,18.02,2420
SBIN,19.8,0.0,5.86,LOW,17.97,2421
JKTYRE,19.95,0.0,5.82,LOW,17.96,2422
UCOBANK,19.05,0.0,6.03,LOW,17.96,2423
MUTHOOTCAP,18.95,0.0,6.05,LOW,17.95,2424
JYOTHYLAB,20.16,0.0,5.76,LOW,17.94,2425
SATIA,19.9,0.0,5.82,LOW,17.94,2426
SUPREME,20.06,0.0,5.78,LOW,17.93,2427
TOTAL,19.46,0.0,5.92,LOW,17.93,2428
SWANCORP,19.65,0.0,5.86,LOW,17.91,2429
UNIONBANK,19.95,0.0,5.77,LOW,17.87,2430
SGL,19.24,0.0,5.92,LOW,17.84,2431
A2ZINFRA,20.24,0.0,5.65,LOW,17.78,2432
RETAIL,18.95,0.0,5.95,LOW,17.78,2433
EASEMYTRIP,19.28,0.0,5.87,LOW,17.77,2434
KUANTUM,19.19,0.0,5.89,LOW,17.77,2435
VARDMNPOLY,19.62,0.0,5.78,LOW,17.76,2436
RAMASTEEL,19.41,0.0,5.83,LOW,17.76,2437
JUNIPER,18.53,0.0,6.03,LOW,17.75,2438
REMSONSIND,19.07,0.0,5.88,LOW,17.71,2439
SUNTV,20.03,0.0,5.65,LOW,17.7,2440
SYSTMTXC,18.8,0.0,5.94,LOW,17.7,2441
BANKBARODA,18.73,0.0,5.95,LOW,17.69,2442
MANOMAY,19.79,0.0,5.69,LOW,17.67,2443
PNB,19.1,0.0,5.85,LOW,17.67,2444
CANBK,19.13,0.0,5.83,LOW,17.65,2445
TMCV,19.89,0.0,5.64,LOW,17.62,2446
DABUR,18.42,0.0,5.97,LOW,17.6,2447
JSWHL,18.92,0.0,5.84,LOW,17.58,2448
BTML,18.0,0.0,6.05,LOW,17.57,2449
SAMBHAAV,18.15,0.0,6.0,LOW,17.55,2450
EFCIL,19.04,0.0,5.79,LOW,17.54,2451
VRAJ,19.27,0.0,5.72,LOW,17.51,2452
PHANTOMFX,19.45,0.0,5.65,LOW,17.47,2453
SINTERCOM,18.56,0.0,5.85,LOW,17.45,2454
GANGAFORGE,19.7,0.0,5.56,LOW,17.41,2455
HIMATSEIDE,19.21,0.0,5.66,LOW,17.39,2456
GRETEX,18.89,0.0,5.73,LOW,17.38,2457
PFOCUS,19.62,0.0,5.54,LOW,17.35,2458
USASEEDS,18.29,0.0,5.85,LOW,17.34,2459
MVKAGRO,18.48,0.0,5.8,LOW,17.33,2460
BALAJITELE,17.71,0.0,5.97,LOW,17.32,2461
UGROCAP,18.81,0.0,5.71,LOW,17.31,2462
SUPERSPIN,17.83,0.0,5.94,LOW,17.31,2463
LGBBROSLTD,18.87,0.0,5.67,LOW,17.27,2464
REXPIPES,18.24,0.0,5.81,LOW,17.26,2465
CSLFINANCE,17.68,0.0,5.94,LOW,17.25,2466
ORCHASP,18.32,0.0,5.78,LOW,17.24,2467
SBICARD,18.59,0.0,5.71,LOW,17.22,2468
HDFCLIFE,17.81,0.0,5.89,LOW,17.22,2469
UNIECOM,18.5,0.0,5.71,LOW,17.19,2470
WTICAB,17.66,0.0,5.9,LOW,17.18,2471
POONAWALLA,17.25,0.0,5.99,LOW,17.17,2472
DUCOL,17.88,0.0,5.84,LOW,17.16,2473
CHAVDA,17.79,0.0,5.85,LOW,17.14,2474
TAKE,20.71,0.0,5.15,LOW,17.11,2475
DPABHUSHAN,18.37,0.0,5.68,LOW,17.09,2476
MAITREYA,16.79,0.0,5.96,LOW,16.93,2477
SUNDARMFIN,18.16,0.0,5.63,LOW,16.92,2478
BANKINDIA,17.16,0.0,5.86,LOW,16.91,2479
URAVIDEF,18.14,0.0,5.62,LOW,16.89,2480
DRONE,18.81,0.0,5.46,LOW,16.88,2481
DNAMEDIA,17.28,0.0,5.81,LOW,16.87,2482
MHRIL,18.59,0.0,5.47,LOW,16.81,2483
EFACTOR,17.93,0.0,5.62,LOW,16.81,2484
AARON,18.28,0.0,5.52,LOW,16.77,2485
MOTISONS,18.47,0.0,5.46,LOW,16.75,2486
BCONCEPTS,18.36,0.0,5.48,LOW,16.74,2487
ARIHANTCAP,16.99,0.0,5.8,LOW,16.74,2488
TCIFINANCE,17.28,0.0,5.73,LOW,16.73,2489
NAMAN,17.07,0.0,5.68,LOW,16.57,2490
RAJESHEXPO,17.47,0.0,5.56,LOW,16.52,2491
TECILCHEM,16.59,0.0,5.76,LOW,16.51,2492
TTL,17.36,0.0,5.57,LOW,16.49,2493
RKEC,18.24,0.0,5.35,LOW,16.47,2494
ITALIANE,16.35,0.0,5.79,LOW,16.47,2495
ANNAPURNA,17.71,0.0,5.45,LOW,16.43,2496
WAKEFIT,18.2,0.0,5.33,LOW,16.42,2497
TARAPUR,18.14,0.0,5.33,LOW,16.39,2498
SUNTECK,17.38,0.0,5.5,LOW,16.38,2499
CEREBRAINT,18.86,0.0,5.15,LOW,16.37,2500
UNIINFO,16.76,0.0,5.62,LOW,16.34,2501
EMMIL,17.0,0.0,5.54,LOW,16.3,2502
CONTI,16.36,0.0,5.68,LOW,16.28,2503
NIDAN,16.21,0.0,5.71,LOW,16.27,2504
RBMINFRA,17.51,0.0,5.4,LOW,16.26,2505
HDIL,16.91,0.0,5.51,LOW,16.21,2506
ALMONDZ,16.66,0.0,5.56,LOW,16.2,2507
TRIVENI,16.28,0.0,5.65,LOW,16.2,2508
AVROIND,17.08,0.0,5.45,LOW,16.17,2509
CIFL,16.38,0.0,5.59,LOW,16.13,2510
ARSHIYA,16.93,0.0,5.45,LOW,16.11,2511
JINDALPHOT,16.04,0.0,5.58,LOW,15.98,2512
ALUWIND,16.49,0.0,5.46,LOW,15.96,2513
REGAAL,17.58,0.0,5.17,LOW,15.89,2514
ADVENTHTL,16.9,0.0,5.3,LOW,15.85,2515
KCEIL,16.94,0.0,5.29,LOW,15.84,2516
ABINFRA,18.31,0.0,4.96,LOW,15.83,2517
WINNY,15.56,0.0,5.59,LOW,15.81,2518
MARINETRAN,14.86,0.0,5.74,LOW,15.78,2519
SMCGLOBAL,15.27,0.0,5.59,LOW,15.69,2520
NIITMTS,17.66,0.0,4.99,LOW,15.62,2521
SIGNORIA,14.67,0.0,5.68,LOW,15.61,2522
SYNOPTICS,15.1,0.0,5.55,LOW,15.55,2523
QUICKTOUCH,14.98,0.0,5.54,LOW,15.49,2524
OWAIS,15.94,0.0,5.28,LOW,15.43,2525
SWARAJ,15.95,0.0,5.23,LOW,15.35,2526
FINKURVE,15.1,0.0,5.39,LOW,15.28,2527
COOLCAPS,15.93,0.0,5.19,LOW,15.27,2528
VEDL,20.12,0.0,4.16,LOW,15.18,2529
VCL,15.87,0.0,5.15,LOW,15.18,2530
EASTSILK,14.89,0.0,5.37,LOW,15.16,2531
YUDIZ,14.32,0.0,5.38,LOW,14.95,2532
BEWLTD,15.66,0.0,5.05,LOW,14.92,2533
AVPINFRA,15.97,0.0,4.94,LOW,14.86,2534
AVONMORE,14.44,0.0,5.28,LOW,14.83,2535
IPSL,12.98,0.0,5.58,LOW,14.76,2536
TREEHOUSE,14.17,0.0,5.25,LOW,14.67,2537
SPRL,14.18,0.0,5.24,LOW,14.65,2538
SHREEOSFM,15.1,0.0,5.01,LOW,14.63,2539
SHUBHLAXMI,14.34,0.0,5.16,LOW,14.58,2540
SHANTHALA,13.68,0.0,5.3,LOW,14.56,2541
BLUEPEBBLE,14.91,0.0,5.01,LOW,14.55,2542
TRIDHYA,12.74,0.0,5.49,LOW,14.51,2543
SPCENET,14.54,0.0,5.03,LOW,14.44,2544
PRESSTONIC,13.51,0.0,5.19,LOW,14.3,2545
LEXUS,14.08,0.0,5.03,LOW,14.25,2546
ABCOTS,16.75,0.0,4.39,LOW,14.23,2547
MASON,14.73,0.0,4.85,LOW,14.21,2548
WOMANCART,15.32,0.0,4.69,LOW,14.17,2549
HOMESFY,14.1,0.0,4.88,LOW,14.01,2550
OSIAHYPER,16.18,0.0,4.39,LOW,14.0,2551
NEXTMEDIA,11.61,0.0,5.34,LOW,13.8,2552
RADIOWALLA,12.26,0.0,5.06,LOW,13.58,2553
SCML,14.73,0.0,4.38,LOW,13.4,2554
KCK,11.91,0.0,5.01,LOW,13.35,2555
SAIFL,15.3,0.0,4.21,LOW,13.34,2556
IEML,15.29,0.0,4.2,LOW,13.32,2557
MAHAPEXLTD,10.31,0.0,5.06,LOW,12.8,2558
PARSVNATH,14.66,0.0,3.96,LOW,12.65,2559
PRAMARA,15.22,0.0,3.5,LOW,12.09,2560
